,po
,oi
,in
,nt
,th
,st
,nd
,rd
,gl
,aa
,al
,as
,ab
,be
,er
,rg
,ac
,ch
,he
,en
,ae
,ee
,af
,ag
,ah
,ed
,hi
,ng
,hs
,ai
,ii
,lb
,bo
,or
,le
,es
,su
,un
,li
,is
,ls
,lt
,to
,am
,ms
,si
,an
,da
,hl
,ni
,ao
,ap
,ps
,ss
,aq
,bi
,ye
,ar
,ra
,au
,rc
,dv
,va
,rk
,ks
,dw
,wo
,ol
,lf
,lv
,ve
,re
,ga
,gh
,rh
,hu
,us
,ri
,ik
,ka
,ro
,on
,ic
,ca
,it
,te
,ti
,ea
,ns
,sb
,bu
,ur
,so
,rp
,rr
,ru
,ia
,sv
,vo
,og
,ge
,el
,up
,av
,ax
,xe
,xi
,ba
,bd
,de
,eh
,ua
,ay
,at
,ci
,na
,io
,sc
,cu
,ck
,cl
,co
,ot
,ct
,ll
,ly
,ul
,lu
,se
,ad
,dd
,do
,ej
,jo
,go
,di
,ff
,ft
,il
,gt
,ha
,ya
,la
,sa
,nc
,ce
,ak
,ku
,um
,mo
,ov
,ie
,lo
,ne
,ma
,mp
,pe
,bl
,dl
,rs
,nm
,me
,ts
,du
,et
,nn
,pi
,pt
,tu
,mb
,rb
,rt
,hr
,os
,dn
,em
,sg
,gi
,sh
,sl
,hm
,sk
,ta
,iz
,ze
,tr
,ou
,tt
,ir
,ue
,az
,bb
,cy
,om
,id
,no
,ey
,ys
,ev
,vi
,by
,oc
,cc
,tc
,tn
,nu
,iu
,sf
,fo
,ip
,ow
,wn
,ud
,oz
,zz
,zo
,br
,ry
,oa
,bc
,cs
,kr
,im
,ld
,iv
,mi
,oh
,hy
,ec
,my
,op
,py
,ho
,ut
,uc
,zi
,eb
,dg
,eg
,gg
,ei
,ig
,lm
,mu
,ds
,ez
,eo
,ok
,ep
,ym
,pp
,cr
,uv
,rf
,fa
,ub
,tw
,wy
,yt
,rn
,tl
,tm
,eu
,bh
,nr
,ek
,ib
,gn
,dj
,ja
,yd
,ih
,yi
,yl
,yn
,ty
,oe
,ny
,gy
,ph
,iq
,qu
,ui
,sm
,ob
,ix
,xa
,bj
,je
,ju
,ug
,kh
,od
,sy
,ew
,wh
,ke
,gs
,oo
,bm
,bn
,ki
,rv
,rm
,lc
,ln
,dy
,ux
,if
,ht
,uk
,gr
,pr
,of
,uo
,wa
,wr
,ox
,bp
,pc
,gm
,uz
,bs
,sr
,yr
,za
,ef
,bt
,sq
,sn
,fe
,zu
,fu
,dc
,aj
,yc
,yp
,pa
,yg
,pn
,pu
,aw
,ws
,oy
,mm
,pl
,eq
,fi
,rl
,vu
,dr
,tb
,fy
,nz
,fl
,lg
,lh
,lp
,lr
,xy
,tp
,gu
,we
,wi
,ex
,xt
,sp
,dh
,dp
,nv
,kl
,km
,kn
,wl
,kt
,kw
,cn
,kb
,cq
,yx
,yo
,tg
,nl
,hn
,xo
,zl
,db
,rw
,df
,fr
,ko
,ji
,dm
,mr
,dt
,nk
,td
,np
,vy
,ml
,tf
,fs
,wt
,lk
,sw
,sd
,nb
,uy
,nw
,lw
,mn
,gb
,nf
,pm
,yz
,uf
,gw
,yu
,hw
,yh
,mf
,nh
,xp
,yb
,hb
,hp
,yw
,nj
,ky
,mc
,oq
,rj
,yf
,nq
,tz
,xc
,xu
,hf
,zy
,pb
,pf
,wk
,wb
,wd
,xh
,kf
,pw
,,poi
,,oin
,,int
,,abe
,,ber
,,erg
,,ach
,,che
,,hen
,,ahe
,,hed
,,hin
,,ing
,,alb
,,bor
,,org
,,ale
,,les
,,esu
,,sun
,,und
,,ali
,,als
,,lst
,,alt
,,lto
,,ams
,,and
,,nda
,,ani
,,aps
,,ara
,,rau
,,arc
,,ard
,,var
,,ark
,,rks
,,olv
,,lve
,,ves
,,are
,,ren
,,arg
,,rga
,,gau
,,hus
,,ari
,,rik
,,ika
,,aro
,,ron
,,oni
,,nic
,,ica
,,cal
,,nit
,,ite
,,iti
,,tic
,,bea
,,ear
,,ons
,,sbu
,,bur
,,urg
,,nso
,,son
,,arp
,,arr
,,aru
,,asi
,,sia
,,oge
,,gel
,,els
,,xes
,,axi
,,xis
,,aba
,,bab
,,deh
,,abu
,,bac
,,aca
,,cas
,,cat
,,ate
,,aci
,,cin
,,ina
,,nat
,,ati
,,tio
,,ion
,,cis
,,isc
,,sci
,,scu
,,cus
,,ist
,,ack
,,acl
,,cli
,,aco
,,cot
,,act
,,cte
,,ter
,,eri
,,ria
,,ial
,,cti
,,tin
,,nal
,,all
,,lly
,,cto
,,tor
,,acu
,,cul
,,uli
,,ulu
,,lus
,,use
,,ses
,,bad
,,ada
,,dan
,,add
,,don
,,ade
,,den
,,eng
,,ngo
,,adi
,,dia
,,dit
,,aff
,,aft
,,bag
,,aga
,,gai
,,ail
,,tha
,,aya
,,bai
,,ila
,,lar
,,ais
,,isa
,,san
,,anc
,,nce
,,ise
,,sed
,,ser
,,iss
,,sse
,,aka
,,kan
,,umo
,,mov
,,bal
,,ala
,,lat
,,lie
,,ien
,,ena
,,ted
,,alo
,,lon
,,one
,,nes
,,ama
,,amp
,,mpe
,,per
,,ere
,,res
,,mps
,,ban
,,ana
,,ndo
,,ona
,,nab
,,abl
,,ble
,,ned
,,edl
,,dly
,,nee
,,ner
,,ers
,,nin
,,onm
,,nme
,,men
,,ent
,,nts
,,ndu
,,dum
,,ane
,,net
,,ang
,,nga
,,ann
,,nni
,,ant
,,nte
,,tes
,,api
,,pic
,,apt
,,pti
,,tis
,,sto
,,ton
,,stu
,,tum
,,bar
,,ram
,,amb
,,mbo
,,arb
,,rba
,,rea
,,ris
,,art
,,rth
,,thr
,,hro
,,ros
,,osi
,,sis
,,rti
,,icu
,,ula
,,bas
,,ase
,,edn
,,dne
,,ess
,,sem
,,eme
,,ash
,,she
,,hes
,,shi
,,shl
,,hle
,,ssl
,,sly
,,shm
,,hme
,,ias
,,sic
,,sin
,,sio
,,ask
,,ass
,,ssi
,,sie
,,ast
,,sta
,,tar
,,rdi
,,diz
,,ize
,,str
,,tra
,,ral
,,bat
,,ata
,,tab
,,tag
,,age
,,tem
,,our
,,urs
,,ato
,,ors
,,ats
,,att
,,tta
,,tti
,,tto
,,toi
,,irs
,,atu
,,tua
,,tur
,,ure
,,ave
,,xia
,,ile
,,aze
,,abb
,,bba
,,acy
,,cie
,,ies
,,com
,,ome
,,mes
,,did
,,ide
,,aye
,,ono
,,sid
,,tia
,,tie
,,bbe
,,eys
,,yst
,,ste
,,tea
,,ead
,,ede
,,bes
,,est
,,evi
,,vil
,,lea
,,ean
,,ill
,,lle
,,lli
,,lia
,,ian
,,bbi
,,bie
,,occ
,,cca
,,oga
,,gad
,,bot
,,nul
,,ull
,,liu
,,ius
,,otr
,,tri
,,ric
,,ots
,,sen
,,for
,,ord
,,hip
,,ips
,,ott
,,tst
,,tow
,,own
,,bou
,,oud
,,bre
,,rev
,,via
,,iat
,,tel
,,ely
,,ory
,,bro
,,roa
,,oac
,,chm
,,ces
,,ssa
,,cou
,,oul
,,ulo
,,lom
,,omb
,,dal
,,dar
,,dat
,,del
,,dir
,,rim
,,ell
,,lla
,,der
,,erh
,,rha
,,hal
,,ald
,,lde
,,rit
,,eru
,,rus
,,des
,,dic
,,cab
,,can
,,tiv
,,ive
,,die
,,iel
,,ito
,,dom
,,ens
,,omi
,,min
,,ino
,,oan
,,rio
,,ior
,,noc
,,oca
,,car
,,iac
,,oce
,,cen
,,esi
,,ocy
,,cys
,,sti
,,nog
,,gen
,,eni
,,ita
,,tal
,,hys
,,rec
,,ect
,,tom
,,omy
,,ero
,,rot
,,oto
,,nop
,,opo
,,pos
,,ost
,,nos
,,osc
,,sco
,,cop
,,ope
,,opy
,,not
,,oth
,,tho
,,hor
,,ora
,,rac
,,cic
,,nou
,,ous
,,ute
,,nov
,,ova
,,vag
,,agi
,,gin
,,ove
,,duc
,,uce
,,ced
,,uci
,,uct
,,ore
,,cts
,,dul
,,azi
,,aha
,,eam
,,ran
,,ebi
,,bec
,,ece
,,eda
,,dai
,,air
,,ire
,,ary
,,ans
,,rie
,,riu
,,ium
,,bed
,,edg
,,dge
,,neg
,,ego
,,beg
,,egg
,,gge
,,yan
,,ncy
,,nci
,,eig
,,igh
,,bel
,,ela
,,ele
,,eli
,,lic
,,ice
,,cea
,,lit
,,elm
,,lmo
,,mos
,,sch
,,chu
,,mus
,,usk
,,elo
,,nia
,,elt
,,ltr
,,tre
,,ree
,,ben
,,enc
,,cer
,,err
,,rra
,,rag
,,ges
,,end
,,nds
,,ene
,,uta
,,epi
,,pit
,,ith
,,thy
,,hym
,,ymi
,,mia
,,erc
,,cro
,,rom
,,mbi
,,erd
,,rda
,,avi
,,vin
,,ine
,,rde
,,dee
,,een
,,nsh
,,hir
,,dev
,,rdo
,,uvi
,,erf
,,rfa
,,fan
,,gla
,,lau
,,ube
,,ery
,,rys
,,yth
,,ern
,,rna
,,nan
,,ath
,,rne
,,eth
,,rno
,,non
,,ntl
,,tly
,,rat
,,rro
,,met
,,ete
,,ert
,,run
,,unc
,,nca
,,siv
,,bet
,,tme
,,ets
,,ett
,,tte
,,eva
,,vac
,,uat
,,far
,,rad
,,ads
,,gat
,,enr
,,nri
,,his
,,hom
,,orr
,,rre
,,red
,,rer
,,rri
,,rib
,,ibl
,,rin
,,rso
,,abi
,,bia
,,har
,,bib
,,bic
,,ich
,,chi
,,hit
,,bid
,,ida
,,idd
,,dde
,,ded
,,idi
,,din
,,ngl
,,gly
,,ngn
,,gne
,,jan
,,dos
,,ied
,,yed
,,yes
,,iet
,,eta
,,tat
,,ten
,,eti
,,nea
,,eae
,,neo
,,eou
,,ini
,,tit
,,zer
,,big
,,iga
,,ils
,,gal
,,ige
,,gea
,,eat
,,eus
,,yin
,,yla
,,bil
,,len
,,ili
,,lim
,,ime
,,ily
,,lyn
,,yne
,,ity
,,ilo
,,mel
,,lec
,,ech
,,bin
,,nge
,,ger
,,ngt
,,bio
,,iog
,,ese
,,eny
,,nis
,,eno
,,iol
,,olo
,,log
,,ogy
,,ogi
,,gic
,,ios
,,ose
,,iot
,,oti
,,tro
,,rop
,,oph
,,phy
,,phi
,,hic
,,ipo
,,pon
,,iqu
,,qui
,,bir
,,irr
,,tan
,,bis
,,sag
,,ish
,,sha
,,hag
,,isi
,,sma
,,mal
,,sms
,,sal
,,sso
,,obe
,,nth
,,hon
,,sol
,,oli
,,sop
,,pel
,,lag
,,ssu
,,sus
,,bit
,,tib
,,ibi
,,ret
,,jec
,,tne
,,joi
,,jud
,,udg
,,ged
,,udi
,,uga
,,jun
,,nct
,,jur
,,ura
,,rem
,,uri
,,kar
,,kha
,,has
,,bla
,,lac
,,cta
,,aqu
,,que
,,las
,,emi
,,mic
,,tou
,,iou
,,iva
,,val
,,vel
,,aut
,,uts
,,laz
,,bod
,,odi
,,lee
,,leg
,,ega
,,ind
,,nde
,,lep
,,eph
,,pha
,,rou
,,eps
,,psy
,,psi
,,ept
,,ler
,,let
,,lew
,,wha
,,hac
,,cke
,,ket
,,bly
,,bli
,,lin
,,ngs
,,ins
,,blo
,,loc
,,ock
,,loo
,,oom
,,low
,,blu
,,lud
,,ude
,,lue
,,uen
,,ush
,,lut
,,uti
,,nar
,,vio
,,hos
,,mod
,,oda
,,nak
,,aki
,,kis
,,erv
,,rva
,,neu
,,eur
,,nor
,,orm
,,rma
,,alc
,,lci
,,lis
,,ism
,,liz
,,zed
,,izi
,,zin
,,aln
,,lne
,,rmi
,,mit
,,rmo
,,mou
,,num
,,ume
,,mer
,,era
,,rab
,,abo
,,boa
,,oar
,,dag
,,obr
,,bra
,,oco
,,coc
,,ode
,,dem
,,ody
,,ado
,,boi
,,oid
,,dea
,,eau
,,aus
,,oil
,,oit
,,bol
,,ole
,,hab
,,her
,,sts
,,niz
,,oll
,,lae
,,oma
,,mas
,,asa
,,asu
,,sum
,,usi
,,bon
,,ond
,,ong
,,onn
,,nne
,,nem
,,boo
,,oon
,,ori
,,rig
,,igi
,,mir
,,iri
,,orn
,,rni
,,rse
,,rsi
,,ort
,,rte
,,ici
,,cid
,,tif
,,fac
,,ven
,,rto
,,tog
,,rts
,,rtu
,,tus
,,bos
,,ote
,,ouc
,,uch
,,hem
,,oug
,,ugh
,,ght
,,kir
,,oun
,,ndi
,,out
,,ace
,,ipp
,,ppe
,,ped
,,ppi
,,pin
,,sle
,,led
,,urn
,,ebo
,,cit
,,ved
,,dec
,,eck
,,fou
,,egr
,,gro
,,nti
,,nam
,,ame
,,med
,,epr
,,pro
,,roo
,,oof
,,quo
,,rep
,,epo
,,por
,,esa
,,sai
,,aid
,,tai
,,wat
,,wri
,,itt
,,bow
,,box
,,abr
,,cad
,,dab
,,hia
,,rah
,,ham
,,ami
,,mid
,,dae
,,man
,,han
,,ray
,,rai
,,mis
,,amo
,,nch
,,hio
,,ras
,,iom
,,tol
,,raz
,,azo
,,eac
,,eas
,,eed
,,reg
,,ege
,,rei
,,eid
,,enu
,,nun
,,cia
,,reu
,,voi
,,bri
,,ico
,,rid
,,idg
,,gab
,,eab
,,gem
,,gme
,,stl
,,tle
,,oad
,,roc
,,rog
,,oms
,,ood
,,ook
,,ota
,,anu
,,bru
,,rup
,,upt
,,pte
,,abs
,,sam
,,sar
,,rak
,,rok
,,oke
,,kee
,,oki
,,kit
,,sca
,,cam
,,sce
,,oot
,,sas
,,con
,,onc
,,nsa
,,bse
,,sec
,,eco
,,see
,,sei
,,eil
,,nta
,,tee
,,eis
,,ees
,,esh
,,ntn
,,hie
,,ier
,,the
,,thi
,,smi
,,hol
,,ths
,,tos
,,sit
,,olu
,,tiz
,,iza
,,zat
,,uto
,,lva
,,vab
,,vat
,,ver
,,lvi
,,vit
,,sor
,,orb
,,rbe
,,efa
,,rbi
,,orp
,,pta
,,etr
,,ivi
,,squ
,,qua
,,tul
,,bst
,,ain
,,mio
,,usl
,,usn
,,sne
,,rge
,,rgi
,,nen
,,ict
,,tru
,,rud
,,sel
,,ump
,,mpt
,,sur
,,urd
,,dis
,,rdl
,,rds
,,vol
,,olt
,,erm
,,hai
,,nag
,,ubb
,,bbl
,,buc
,,uca
,,ucc
,,cco
,,bui
,,uil
,,ild
,,ldi
,,bul
,,ule
,,lei
,,ulf
,,fed
,,eit
,,bum
,,umb
,,mbr
,,rel
,,bun
,,una
,,une
,,gir
,,urb
,,ury
,,rst
,,urt
,,bus
,,usa
,,sab
,,efu
,,ful
,,uln
,,but
,,til
,,utt
,,cac
,,tec
,,cho
,,cet
,,ics
,,mie
,,miz
,,emu
,,aen
,,hae
,,phe
,,pho
,,hoi
,,aly
,,lyc
,,lyp
,,yph
,,ypt
,,rae
,,tae
,,mar
,,mpo
,,nac
,,ceo
,,ano
,,had
,,hoc
,,rpo
,,pou
,,cep
,,lan
,,lou
,,ocl
,,cla
,,lad
,,dou
,,hod
,,dei
,,imo
,,mon
,,oly
,,lys
,,ysi
,,hop
,,opa
,,pan
,,oro
,,pod
,,odo
,,pom
,,mat
,,opt
,,gia
,,hot
,,hou
,,thu
,,hur
,,uru
,,hut
,,uth
,,cap
,,app
,,sul
,,apu
,,pul
,,ulc
,,lco
,,rap
,,pis
,,rar
,,atr
,,ido
,,ids
,,rif
,,ifo
,,arn
,,eci
,,diu
,,rod
,,roi
,,rol
,,gis
,,hil
,,hob
,,obi
,,tox
,,oxi
,,xic
,,rpe
,,llo
,,tam
,,tap
,,aph
,,apo
,,tas
,,teg
,,gor
,,ars
,,cau
,,aud
,,uda
,,esc
,,aul
,,los
,,acc
,,cce
,,edi
,,cel
,,ogr
,,gra
,,dib
,,nse
,,nsi
,,nto
,,ntu
,,ual
,,pto
,,ril
,,sib
,,riz
,,cci
,,ngi
,,cip
,,ipe
,,pen
,,ipi
,,pie
,,itr
,,ipt
,,smu
,,lai
,,aim
,,ima
,,mab
,,imi
,,lam
,,sat
,,zab
,,zes
,,liv
,,ivo
,,vou
,,clo
,,loy
,,coa
,,oas
,,coi
,,eek
,,col
,,ola
,,mac
,,omm
,,mmo
,,omo
,,omp
,,mpa
,,any
,,nie
,,yis
,,nim
,,mpl
,,ple
,,lem
,,pli
,,cor
,,dio
,,cos
,,uns
,,unt
,,ntr
,,oup
,,upl
,,rme
,,utr
,,cov
,,ovi
,,cra
,,cre
,,its
,,cri
,,cru
,,rue
,,ued
,,uer
,,ues
,,rui
,,uin
,,ccu
,,cub
,,uba
,,ubi
,,itu
,,ult
,,ltu
,,cum
,,mbe
,,mul
,,lab
,,cup
,,cur
,,urr
,,rta
,,rix
,,ust
,,cut
,,nap
,,pht
,,hth
,,hre
,,equ
,,eca
,,ffi
,,fin
,,iam
,,hig
,,euc
,,cei
,,tun
,,eld
,,lda
,,dam
,,llu
,,lul
,,cem
,,mil
,,nyl
,,hyl
,,yle
,,sth
,,nsu
,,sua
,,uad
,,dor
,,eol
,,alu
,,pot
,,iad
,,erb
,,tud
,,rbl
,,rbo
,,dol
,,erl
,,rli
,,tim
,,vul
,,eso
,,sod
,,dyn
,,yno
,,nus
,,lif
,,ife
,,fer
,,lum
,,ums
,,tac
,,hyd
,,das
,,ydr
,,dra
,,ldo
,,nol
,,nil
,,lid
,,nio
,,mam
,,ify
,,ifi
,,fic
,,fie
,,fyi
,,ety
,,tyl
,,eto
,,nob
,,enz
,,zen
,,icy
,,cyl
,,yli
,,lbe
,,oat
,,oic
,,lca
,,lch
,,cya
,,nid
,,ein
,,flu
,,luo
,,uor
,,lio
,,iod
,,lme
,,rox
,,xid
,,lph
,,osa
,,lol
,,lta
,,lth
,,ymo
,,mol
,,lur
,,try
,,tla
,,toa
,,dop
,,tob
,,oba
,,toc
,,och
,,chl
,,hlo
,,lor
,,oci
,,inn
,,nna
,,lyt
,,yti
,,mor
,,rph
,,nae
,,aem
,,ony
,,onu
,,nur
,,uro
,,top
,,tid
,,opi
,,pip
,,pyr
,,yri
,,oso
,,lub
,,ubl
,,tot
,,uid
,,oxy
,,xyl
,,etu
,,glo
,,lob
,,obu
,,cha
,,aea
,,nod
,,aet
,,haf
,,afe
,,agu
,,gua
,,hak
,,mot
,,hap
,,ape
,,hat
,,nel
,,hea
,,hec
,,hee
,,eer
,,hei
,,eir
,,iro
,,hel
,,niu
,,ont
,,sou
,,het
,,ewe
,,wee
,,chy
,,iev
,,eve
,,gan
,,lod
,,yni
,,ylo
,,him
,,ira
,,hyr
,,yra
,,yro
,,amy
,,deo
,,orh
,,rhy
,,dri
,,yll
,,ops
,,ndr
,,dro
,,opl
,,pla
,,hoo
,,chr
,,hra
,,cyt
,,yte
,,ext
,,xtr
,,nas
,,ogl
,,ioc
,,pia
,,myc
,,mob
,,mop
,,ych
,,cht
,,hte
,,eha
,,rve
,,uas
,,uet
,,obl
,,cyc
,,ycl
,,arl
,,rly
,,asp
,,spi
,,fas
,,dif
,,fia
,,iab
,,dyl
,,dim
,,idl
,,dog
,,ilu
,,opr
,,teo
,,eop
,,hyt
,,dot
,,idu
,,dur
,,cif
,,lal
,,cil
,,loi
,,yme
,,fol
,,cio
,,nif
,,otu
,,tub
,,inu
,,uni
,,key
,,ker
,,rle
,,ley
,,nvi
,,ckl
,,kle
,,kne
,,new
,,kno
,,now
,,owi
,,win
,,owl
,,wle
,,pir
,,wor
,,cle
,,emo
,,clu
,,aes
,,isp
,,spo
,,nef
,,efo
,,nei
,,asm
,,coe
,,oel
,,oen
,,lap
,,old
,,uan
,,pas
,,ndy
,,coo
,,ool
,,rns
,,oru
,,osm
,,oty
,,edo
,,upe
,,toe
,,ctr
,,acq
,,cqu
,,viv
,,uir
,,uis
,,uit
,,acr
,,asy
,,spe
,,raw
,,awl
,,eag
,,eak
,,edu
,,foo
,,inc
,,ema
,,cry
,,iid
,,gus
,,ifl
,,fla
,,lav
,,ryl
,,hri
,,sph
,,tax
,,rob
,,ryo
,,you
,,rpi
,,aun
,,ctu
,,dac
,,cty
,,odu
,,dus
,,roe
,,oes
,,gam
,,gyn
,,yna
,,gie
,,ogu
,,gue
,,meg
,,alg
,,lgi
,,icr
,,mim
,,vic
,,myo
,,hyo
,,hum
,,amm
,,mma
,,mph
,,rco
,,nym
,,nom
,,par
,,pat
,,pet
,,pol
,,ror
,,rrh
,,rhe
,,eum
,,uma
,,rca
,,rcu
,,scl
,,som
,,osp
,,elu
,,oss
,,leu
,,eut
,,aeo
,,eon
,,nau
,,yma
,,iar
,,ohe
,,lot
,,ocr
,,ocu
,,ogo
,,gon
,,noi
,,gou
,,yce
,,yco
,,phr
,,hry
,,pra
,,gio
,,aer
,,reo
,,eos
,,ozo
,,oal
,,zoo
,,onl
,,nle
,,tak
,,kin
,,tip
,,imb
,,vis
,,rsh
,,uar
,,tup
,,tut
,,wai
,,ait
,,ucl
,,osu
,,leo
,,mbl
,,umi
,,upr
,,pre
,,pun
,,shn
,,hne
,,ngu
,,gul
,,gle
,,ipl
,,rav
,,oya
,,atl
,,sim
,,day
,,svi
,,rvi
,,ays
,,tli
,,awa
,,mbu
,,mec
,,ski
,,dle
,,apa
,,pid
,,arm
,,aty
,,aur
,,awe
,,awn
,,zzl
,,zle
,,raf
,,deb
,,eem
,,rfi
,,fis
,,mea
,,rsp
,,erw
,,rwo
,,ddi
,,iso
,,dys
,,ddl
,,leb
,,ebr
,,ehe
,,epa
,,epl
,,plo
,,dli
,,doo
,,dre
,,sog
,,cib
,,eba
,,eep
,,tad
,,lge
,,cod
,,lop
,,elp
,,hog
,,emp
,,nec
,,ncr
,,rci
,,ofi
,,fib
,,ibr
,,hyp
,,ype
,,ypo
,,pop
,,yse
,,sea
,,eal
,,lym
,,ymp
,,lip
,,ncu
,,ryn
,,yng
,,git
,,phl
,,alm
,,lmi
,,typ
,,phu
,,vir
,,dep
,,ago
,,esm
,,esp
,,det
,,dew
,,fec
,,fro
,,fil
,,fre
,,glu
,,hib
,,ady
,,doc
,,iag
,,agn
,,gno
,,iap
,,pne
,,iba
,,udd
,,dig
,,ghe
,,igr
,,igu
,,gun
,,dil
,,inv
,,nve
,,dip
,,ipa
,,pes
,,iph
,,poc
,,pog
,,pec
,,exi
,,pso
,,cks
,,yto
,,div
,,vas
,,adj
,,jac
,,jus
,,itc
,,tch
,,stm
,,van
,,adl
,,lay
,,egi
,,lib
,,ibb
,,adm
,,dma
,,dmi
,,icl
,,nst
,,lti
,,tty
,,xed
,,xin
,,asc
,,nep
,,nex
,,exa
,,exe
,,exo
,,obo
,,dod
,,nai
,,oor
,,orl
,,dow
,,owa
,,oxa
,,adr
,,mme
,,dry
,,enn
,,ift
,,rip
,,itl
,,oop
,,row
,,ows
,,dru
,,scr
,,sig
,,ign
,,gni
,,dst
,,ipu
,,adu
,,dua
,,lte
,,ods
,,lik
,,ike
,,dun
,,nco
,,adv
,,civ
,,geo
,,dve
,,ref
,,rsa
,,sif
,,rsu
,,voc
,,yer
,,owe
,,war
,,wes
,,hma
,,mag
,,aed
,,deg
,,eet
,,fal
,,uld
,,agr
,,gri
,,pil
,,gru
,,gil
,,ptu
,,gyr
,,ogn
,,gna
,,egl
,,gos
,,eke
,,nig
,,igm
,,gma
,,lig
,,ols
,,vie
,,hid
,,uic
,,pal
,,alp
,,lpi
,,bee
,,urv
,,emb
,,rof
,,flo
,,eog
,,osy
,,roy
,,eor
,,pau
,,ank
,,opu
,,uls
,,lse
,,spa
,,pac
,,chn
,,hni
,,rov
,,rug
,,sac
,,sep
,,epu
,,pus
,,sir
,,tet
,,ciz
,,uou
,,heo
,,iop
,,sau
,,fai
,,fam
,,fat
,,fea
,,fen
,,fet
,,ffe
,,ssn
,,fee
,,nsc
,,nsp
,,sos
,,nad
,,fid
,,fir
,,irm
,,xer
,,ffl
,,fli
,,orc
,,rce
,,fra
,,ayi
,,fri
,,tfu
,,hti
,,hts
,,nty
,,fus
,,gha
,,god
,,yon
,,fle
,,lex
,,ick
,,loa
,,wer
,,ecr
,,goi
,,reh
,,unn
,,ken
,,rew
,,ewa
,,pea
,,fte
,,irt
,,rbu
,,rch
,,urc
,,rcl
,,ibe
,,eff
,,rey
,,eye
,,rfe
,,rfo
,,fru
,,rfu
,,utu
,,gas
,,gli
,,rgo
,,goo
,,ief
,,rgu
,,atc
,,rho
,,imp
,,mpr
,,erk
,,rki
,,fes
,,rlo
,,lov
,,rke
,,ilk
,,erp
,,rpa
,,pai
,,iec
,,rpl
,,rpr
,,ake
,,hav
,,sho
,,pee
,,eec
,,spr
,,pri
,,etc
,,sup
,,upp
,,swa
,,swe
,,wel
,,ink
,,nke
,,rtr
,,rwa
,,wal
,,was
,,whi
,,rwi
,,wis
,,wit
,,ork
,,rld
,,wra
,,twa
,,fun
,,wil
,,nbu
,,nwa
,,law
,,woo
,,lma
,,mem
,,agl
,,mog
,,moi
,,nip
,,eic
,,gar
,,rum
,,siz
,,sty
,,hau
,,avo
,,ked
,,wed
,,enf
,,nfe
,,ois
,,eom
,,eel
,,ruc
,,uck
,,get
,,wea
,,agg
,,gga
,,ppo
,,ggi
,,ggl
,,ava
,,gre
,,gur
,,gib
,,lel
,,unk
,,zon
,,eaf
,,imm
,,luc
,,uco
,,oet
,,gog
,,gom
,,anl
,,nly
,,ibu
,,hoe
,,oer
,,ypi
,,ryp
,,ppa
,,emm
,,uel
,,eds
,,gui
,,ilt
,,hly
,,ung
,,way
,,eap
,,hep
,,mad
,,pur
,,fel
,,lds
,,izo
,,kie
,,hun
,,ngr
,,nma
,,hwa
,,usc
,,yal
,,ibo
,,aic
,,iff
,,yel
,,mai
,,oub
,,aig
,,igl
,,esq
,,iki
,,swo
,,mak
,,inh
,,lls
,,nsl
,,sli
,,ynt
,,uss
,,irc
,,onv
,,tma
,,sme
,,wom
,,two
,,ews
,,ird
,,def
,,efi
,,ryi
,,riv
,,opp
,,yre
,,exp
,,irl
,,rla
,,nny
,,ogg
,,ofe
,,aso
,,sla
,,lak
,,spu
,,tir
,,tig
,,urf
,,twi
,,isl
,,wan
,,whe
,,onj
,,kab
,,kal
,,mba
,,mni
,,ska
,,eho
,,kel
,,nbo
,,kil
,,sky
,,ndl
,,isk
,,ske
,,mmi
,,cka
,,lun
,,nbr
,,nre
,,tei
,,rty
,,rtl
,,izz
,,pru
,,zar
,,aza
,,cav
,,cog
,,coh
,,oqu
,,fly
,,eav
,,efe
,,nli
,,ney
,,hex
,,ebe
,,rry
,,ebu
,,ecu
,,lef
,,yar
,,xan
,,kni
,,eoc
,,swi
,,lev
,,ewi
,,zan
,,alf
,,eim
,,lfi
,,fur
,,lga
,,arv
,,cir
,,gid
,,vor
,,gol
,,nki
,,nqu
,,thm
,,gum
,,amu
,,enl
,,nfa
,,poe
,,lil
,,osh
,,liq
,,smo
,,yso
,,isu
,,alk
,,lka
,,kat
,,lke
,,kes
,,muc
,,ppr
,,sot
,,auc
,,onf
,,nfo
,,epe
,,evo
,,elv
,,enh
,,npo
,,nra
,,nwo
,,exc
,,xpe
,,got
,,ncl
,,inf
,,nva
,,nvo
,,nav
,,mig
,,mur
,,obs
,,oct
,,eot
,,mmu
,,mun
,,apl
,,syc
,,syn
,,spl
,,pow
,,ewo
,,vid
,,urp
,,rub
,,rul
,,isf
,,sav
,,shr
,,shu
,,sil
,,sub
,,ubd
,,ubm
,,ubs
,,suf
,,uff
,,rut
,,unw
,,nwi
,,uph
,,vet
,,wei
,,who
,,igo
,,myr
,,mne
,,moc
,,reb
,,onr
,,mut
,,niv
,,odd
,,oed
,,oft
,,oos
,,aug
,,nho
,,pig
,,lsi
,,sip
,,haw
,,imu
,,ttr
,,too
,,mif
,,uno
,,pag
,,alv
,,set
,,may
,,fit
,,mau
,,ync
,,teu
,,sad
,,xte
,,sex
,,exu
,,syl
,,ygo
,,yop
,,boy
,,hli
,,oec
,,nuc
,,apr
,,suc
,,ulp
,,pep
,,pio
,,anh
,,nha
,,mom
,,seu
,,nut
,,ecl
,,ipr
,,rhi
,,isb
,,hiz
,,mpi
,,mpu
,,put
,,rru
,,pse
,,moo
,,soc
,,pad
,,cob
,,nba
,,tau
,,ryt
,,eup
,,nfr
,,nfu
,,elf
,,sym
,,thl
,,inl
,,off
,,utc
,,isr
,,wic
,,nhe
,,edr
,,udo
,,how
,,nkl
,,kli
,,nla
,,nmo
,,nno
,,nnu
,,nua
,,plu
,,pub
,,rex
,,npa
,,efl
,,tep
,,unr
,,rmu
,,xen
,,cch
,,cki
,,ubo
,,uge
,,eud
,,ugg
,,nfl
,,sui
,,tyr
,,neb
,,pap
,,poo
,,ttl
,,obb
,,ilv
,,slo
,,sna
,,sno
,,hno
,,egu
,,wir
,,tod
,,twe
,,ppl
,,sni
,,inq
,,utl
,,wag
,,wen
,,wid
,,cun
,,req
,,arf
,,saw
,,edd
,,mip
,,nbe
,,usp
,,sap
,,nju
,,wne
,,slu
,,sev
,,umm
,,vig
,,ulg
,,ubr
,,omn
,,itz
,,url
,,igg
,,hoa
,,nro
,,ups
,,nfi
,,nev
,,efr
,,cow
,,owd
,,upi
,,unv
,,fig
,,odl
,,onb
,,onh
,,onp
,,npl
,,nsm
,,unf
,,npr
,,unh
,,xpl
,,unb
,,ubt
,,utb
,,sof
,,ubc
,,unl
,,unm
,,unp
,,npe
,,,poin
,,,oint
,,,berg
,,,ache
,,,chen
,,,hing
,,,ales
,,,anda
,,,aren
,,,roni
,,,onic
,,,nica
,,,ical
,,,onit
,,,nite
,,,niti
,,,itic
,,,bear
,,,sbur
,,,burg
,,,onso
,,,asia
,,,cate
,,,acin
,,,cina
,,,inat
,,,nate
,,,nati
,,,atio
,,,tion
,,,isci
,,,cist
,,,back
,,,acte
,,,cter
,,,teri
,,,eria
,,,rial
,,,acti
,,,ctin
,,,tina
,,,inal
,,,nall
,,,ally
,,,ctio
,,,acto
,,,ctor
,,,acul
,,,culi
,,,uses
,,,aden
,,,adia
,,,dite
,,,ance
,,,ised
,,,iser
,,,isse
,,,ssed
,,,bala
,,,alat
,,,lati
,,,enat
,,,ated
,,,atin
,,,ting
,,,ones
,,,ampe
,,,mper
,,,pere
,,,eres
,,,band
,,,ando
,,,onab
,,,nabl
,,,able
,,,oned
,,,edly
,,,oner
,,,ners
,,,onin
,,,ning
,,,nmen
,,,ment
,,,ents
,,,anga
,,,anic
,,,anni
,,,itio
,,,ante
,,,ntes
,,,pica
,,,apti
,,,tist
,,,isto
,,,ston
,,,barb
,,,aris
,,,arth
,,,rthr
,,,thro
,,,rosi
,,,osis
,,,arti
,,,rtic
,,,ticu
,,,icul
,,,cula
,,,ular
,,,ulat
,,,edne
,,,dnes
,,,ness
,,,seme
,,,emen
,,,ashe
,,,shed
,,,shes
,,,ashi
,,,shin
,,,less
,,,essl
,,,ssly
,,,hmen
,,,basi
,,,asin
,,,sing
,,,assi
,,,ssin
,,,asta
,,,star
,,,ardi
,,,dize
,,,astr
,,,stra
,,,tral
,,,atab
,,,tabl
,,,tage
,,,bate
,,,ater
,,,ters
,,,ates
,,,bati
,,,atic
,,,atis
,,,tise
,,,ises
,,,aton
,,,ator
,,,tors
,,,batt
,,,atta
,,,atti
,,,atur
,,,ture
,,,cies
,,,come
,,,side
,,,tial
,,,tica
,,,yste
,,,stea
,,,sted
,,,esse
,,,sses
,,,best
,,,evil
,,,lean
,,,vill
,,,ille
,,,illi
,,,llia
,,,lian
,,,cato
,,,ulli
,,,tric
,,,ford
,,,ship
,,,town
,,,revi
,,,iate
,,,atel
,,,tely
,,,iati
,,,ions
,,,iato
,,,tory
,,,oach
,,,cess
,,,issa
,,,aria
,,,ella
,,,deri
,,,rian
,,,erit
,,,rite
,,,dest
,,,dica
,,,cabl
,,,ican
,,,cant
,,,icat
,,,cati
,,,ativ
,,,tive
,,,diti
,,,itiv
,,,itor
,,,omen
,,,mens
,,,domi
,,,omin
,,,mina
,,,nali
,,,alia
,,,mino
,,,nter
,,,erio
,,,ocar
,,,card
,,,rdia
,,,cent
,,,ente
,,,esis
,,,cyst
,,,ysti
,,,stic
,,,noge
,,,ogen
,,,geni
,,,enit
,,,ital
,,,ster
,,,tere
,,,rect
,,,ecto
,,,ctom
,,,tomy
,,,tero
,,,erot
,,,roto
,,,otom
,,,post
,,,oste
,,,inos
,,,osco
,,,scop
,,,cope
,,,copy
,,,thor
,,,hora
,,,orac
,,,raci
,,,inou
,,,nous
,,,uter
,,,agin
,,,gina
,,,sica
,,,cing
,,,duct
,,,cted
,,,ucti
,,,tore
,,,ores
,,,aran
,,,ranc
,,,aire
,,,ians
,,,arie
,,,ries
,,,rium
,,,edge
,,,nces
,,,ancy
,,,anci
,,,ncie
,,,eigh
,,,abel
,,,eles
,,,beli
,,,elia
,,,elic
,,,lice
,,,elit
,,,lite
,,,bell
,,,loni
,,,onia
,,,nian
,,,tree
,,,ence
,,,ncer
,,,erra
,,,rage
,,,ages
,,,eric
,,,epit
,,,avin
,,,vine
,,,erde
,,,nshi
,,,devi
,,,beri
,,,ryst
,,,erna
,,,nant
,,,rnat
,,,nath
,,,athy
,,,erne
,,,ethy
,,,berr
,,,rran
,,,rant
,,,antl
,,,ntly
,,,ants
,,,rate
,,,rati
,,,iona
,,,onal
,,,rato
,,,erro
,,,rome
,,,omet
,,,mete
,,,eter
,,,rosc
,,,bert
,,,unca
,,,essi
,,,ssiv
,,,sive
,,,tmen
,,,etta
,,,ette
,,,tted
,,,tter
,,,etti
,,,ttin
,,,uati
,,,atha
,,,inab
,,,orre
,,,rred
,,,rren
,,,renc
,,,ency
,,,rent
,,,entl
,,,rers
,,,orri
,,,ible
,,,rrin
,,,ring
,,,hors
,,,rson
,,,chit
,,,hite
,,,idal
,,,dden
,,,ided
,,,ider
,,,ders
,,,ides
,,,idin
,,,ding
,,,ingl
,,,ngly
,,,ingn
,,,ngne
,,,gnes
,,,ienc
,,,ient
,,,tate
,,,eten
,,,tene
,,,etic
,,,etin
,,,tine
,,,inea
,,,neou
,,,eous
,,,tini
,,,inic
,,,tite
,,,ying
,,,abil
,,,lene
,,,bili
,,,lime
,,,imen
,,,ilit
,,,lita
,,,itab
,,,lity
,,,liti
,,,itie
,,,ties
,,,bill
,,,illa
,,,elec
,,,iner
,,,neri
,,,bing
,,,inge
,,,nger
,,,inte
,,,test
,,,esta
,,,stat
,,,gene
,,,enes
,,,nesi
,,,sist
,,,enet
,,,neti
,,,call
,,,enis
,,,nist
,,,geno
,,,enou
,,,iolo
,,,olog
,,,logy
,,,logi
,,,ogic
,,,gica
,,,oses
,,,otic
,,,otro
,,,trop
,,,roph
,,,ophy
,,,ophi
,,,phic
,,,rita
,,,itan
,,,tant
,,,itat
,,,tati
,,,smal
,,,mall
,,,inia
,,,enth
,,,ntho
,,,thon
,,,honi
,,,soli
,,,olit
,,,lith
,,,uret
,,,ject
,,,ecte
,,,tedn
,,,ecti
,,,ctiv
,,,tnes
,,,join
,,,udge
,,,ging
,,,gate
,,,unct
,,,ncti
,,,urat
,,,ured
,,,reme
,,,ures
,,,urin
,,,sian
,,,blac
,,,lact
,,,eate
,,,blas
,,,last
,,,aste
,,,stem
,,,emic
,,,asti
,,,stin
,,,asto
,,,tous
,,,late
,,,titi
,,,tiou
,,,ious
,,,tiva
,,,ival
,,,ivel
,,,vely
,,,ives
,,,lato
,,,lega
,,,egat
,,,gati
,,,mind
,,,inde
,,,nded
,,,dedn
,,,blen
,,,lend
,,,epha
,,,phar
,,,hari
,,,rous
,,,epti
,,,ptic
,,,bles
,,,lest
,,,acke
,,,cket
,,,ably
,,,blin
,,,ling
,,,ings
,,,lock
,,,bloo
,,,blue
,,,uent
,,,lute
,,,luti
,,,utio
,,,onar
,,,nary
,,,alit
,,,erva
,,,neur
,,,ural
,,,orma
,,,rmal
,,,mali
,,,alis
,,,lise
,,,lisi
,,,isin
,,,lism
,,,list
,,,aliz
,,,lize
,,,ized
,,,lizi
,,,izin
,,,zing
,,,alne
,,,lnes
,,,ormi
,,,miti
,,,mous
,,,umer
,,,mera
,,,erab
,,,rabl
,,,boar
,,,oard
,,,cock
,,,ocke
,,,odes
,,,oide
,,,idea
,,,abol
,,,olet
,,,boli
,,,olis
,,,lish
,,,habl
,,,ishe
,,,sher
,,,hers
,,,ishi
,,,ioni
,,,onis
,,,nise
,,,nism
,,,ists
,,,oniz
,,,nize
,,,nizi
,,,olla
,,,omas
,,,nato
,,,mine
,,,ndan
,,,onne
,,,abor
,,,oral
,,,rall
,,,inar
,,,gine
,,,ines
,,,born
,,,orni
,,,rnin
,,,orse
,,,orte
,,,rted
,,,rter
,,,orti
,,,tici
,,,icid
,,,cide
,,,cien
,,,rtin
,,,rtio
,,,iven
,,,vene
,,,toge
,,,enic
,,,ortu
,,,ouch
,,,uche
,,,chem
,,,ough
,,,ught
,,,boun
,,,ound
,,,unde
,,,nder
,,,undi
,,,ndin
,,,bour
,,,oure
,,,face
,,,aced
,,,outs
,,,hipp
,,,ippe
,,,pped
,,,ippi
,,,ppin
,,,ping
,,,turn
,,,cite
,,,ited
,,,grou
,,,roun
,,,enti
,,,ntio
,,,ione
,,,name
,,,epro
,,,proo
,,,roof
,,,oted
,,,repo
,,,port
,,,vest
,,,wate
,,,writ
,,,itte
,,,tten
,,,brac
,,,rach
,,,achi
,,,chia
,,,dabl
,,,dant
,,,rade
,,,aded
,,,ader
,,,ades
,,,radi
,,,adin
,,,amic
,,,amid
,,,idae
,,,mite
,,,brai
,,,rami
,,,bran
,,,anch
,,,nchi
,,,iali
,,,chio
,,,rasi
,,,sion
,,,rast
,,,stol
,,,brea
,,,reac
,,,reas
,,,east
,,,reed
,,,reno
,,,ounc
,,,unce
,,,unci
,,,ciat
,,,ptio
,,,bric
,,,rico
,,,brid
,,,ridg
,,,idge
,,,eabl
,,,gers
,,,gmen
,,,rine
,,,rist
,,,stle
,,,road
,,,roco
,,,roga
,,,brom
,,,roma
,,,bron
,,,broo
,,,rota
,,,roti
,,,otin
,,,rupt
,,,tedl
,,,pter
,,,ssio
,,,root
,,,isio
,,,issi
,,,scon
,,,conc
,,,once
,,,cond
,,,onde
,,,nden
,,,denc
,,,ondi
,,,cons
,,,scou
,,,coun
,,,econ
,,,iled
,,,ilin
,,,sent
,,,enta
,,,ntat
,,,nted
,,,eism
,,,eshi
,,,ntia
,,,ntin
,,,ntne
,,,hier
,,,inth
,,,nthe
,,,thes
,,,nthi
,,,thia
,,,thic
,,,thin
,,,hine
,,,hism
,,,thol
,,,hole
,,,sole
,,,olen
,,,lent
,,,olut
,,,tism
,,,ista
,,,isti
,,,izat
,,,zati
,,,tize
,,,vabl
,,,vent
,,,lver
,,,vers
,,,ving
,,,sona
,,,onan
,,,onou
,,,enci
,,,orbi
,,,rbit
,,,tanc
,,,metr
,,,etri
,,,ptiv
,,,tivi
,,,ivit
,,,vity
,,,squa
,,,quat
,,,tula
,,,tain
,,,aine
,,,ined
,,,aini
,,,inin
,,,ains
,,,ousl
,,,usly
,,,ousn
,,,usne
,,,snes
,,,sten
,,,tent
,,,erge
,,,rgen
,,,gent
,,,ergi
,,,rgin
,,,erse
,,,ersi
,,,tert
,,,erti
,,,inen
,,,nent
,,,stor
,,,tort
,,,trac
,,,ract
,,,stri
,,,icti
,,,stru
,,,trus
,,,usio
,,,sity
,,,siti
,,,mpti
,,,rder
,,,dism
,,,dist
,,,term
,,,ermi
,,,rmin
,,,than
,,,nage
,,,bble
,,,buil
,,,ldin
,,,loma
,,,oman
,,,mani
,,,ania
,,,mbra
,,,rell
,,,llar
,,,unda
,,,anti
,,,urab
,,,urba
,,,sabl
,,,used
,,,eful
,,,full
,,,ully
,,,fuln
,,,ulne
,,,bush
,,,usin
,,,usiv
,,,butt
,,,utte
,,,alli
,,,llis
,,,tech
,,,echi
,,,chin
,,,chol
,,,acea
,,,ceae
,,,acet
,,,cian
,,,cine
,,,demi
,,,emia
,,,mica
,,,icia
,,,ansh
,,,icis
,,,cism
,,,mies
,,,emis
,,,mise
,,,mist
,,,emit
,,,mize
,,,dial
,,,dian
,,,calc
,,,cale
,,,phan
,,,cali
,,,tera
,,,trat
,,,amar
,,,camp
,,,acan
,,,nace
,,,aceo
,,,ceou
,,,noni
,,,anth
,,,thio
,,,hion
,,,carp
,,,ocep
,,,ceph
,,,phal
,,,hala
,,,alan
,,,hali
,,,halo
,,,alou
,,,lous
,,,ocer
,,,cere
,,,thod
,,,odia
,,,holi
,,,imon
,,,olys
,,,lysi
,,,ysis
,,,holo
,,,home
,,,omer
,,,meri
,,,erid
,,,rida
,,,thop
,,,phis
,,,opho
,,,phor
,,,horo
,,,orou
,,,opod
,,,omat
,,,mato
,,,atou
,,,pore
,,,opte
,,,eran
,,,tery
,,,erou
,,,thou
,,,hous
,,,nial
,,,appe
,,,pell
,,,cara
,,,cari
,,,asis
,,,riat
,,,aric
,,,rici
,,,cida
,,,ride
,,,mati
,,,ifor
,,,form
,,,arin
,,,rina
,,,nosi
,,,roce
,,,cidi
,,,idia
,,,dium
,,,oder
,,,derm
,,,erma
,,,rmat
,,,itis
,,,roid
,,,rolo
,,,ogis
,,,gist
,,,phil
,,,hilo
,,,phob
,,,hobi
,,,obia
,,,toxi
,,,ello
,,,cast
,,,cata
,,,atal
,,,tale
,,,lect
,,,ctic
,,,tall
,,,alla
,,,amat
,,,athe
,,,hesi
,,,esia
,,,taph
,,,phas
,,,posi
,,,tast
,,,oric
,,,rica
,,,cath
,,,atho
,,,olic
,,,date
,,,esce
,,,scen
,,,cenc
,,,ulin
,,,line
,,,ulos
,,,lose
,,,ulou
,,,acce
,,,eder
,,,edes
,,,edin
,,,cele
,,,eler
,,,rand
,,,erat
,,,lero
,,,erog
,,,rogr
,,,ogra
,,,grap
,,,raph
,,,erom
,,,endi
,,,ibil
,,,ense
,,,ensi
,,,nsio
,,,ntle
,,,tles
,,,ento
,,,ntor
,,,entu
,,,tual
,,,uali
,,,uate
,,,cept
,,,epta
,,,tabi
,,,ilat
,,,epto
,,,tres
,,,ress
,,,essa
,,,rily
,,,ssib
,,,sibi
,,,sibl
,,,ibly
,,,esso
,,,ssor
,,,oria
,,,orie
,,,orin
,,,oriz
,,,rize
,,,rizi
,,,tura
,,,iden
,,,dent
,,,ntal
,,,tali
,,,ntar
,,,tary
,,,tari
,,,rone
,,,dies
,,,nged
,,,ingi
,,,ngin
,,,pens
,,,nser
,,,cipi
,,,iter
,,,itra
,,,itri
,,,trin
,,,mabl
,,,imer
,,,mers
,,,imin
,,,ming
,,,clim
,,,lima
,,,imat
,,,mata
,,,mate
,,,isat
,,,sati
,,,atiz
,,,izab
,,,izer
,,,izes
,,,clin
,,,lina
,,,acco
,,,lade
,,,olat
,,,coll
,,,olle
,,,lled
,,,comb
,,,comm
,,,ommo
,,,aten
,,,dati
,,,comp
,,,ompa
,,,mpan
,,,pani
,,,nies
,,,anim
,,,anis
,,,ompl
,,,mple
,,,leme
,,,plet
,,,mpli
,,,plic
,,,ices
,,,lici
,,,icit
,,,city
,,,cord
,,,orda
,,,orde
,,,rded
,,,ordi
,,,rdin
,,,corp
,,,pora
,,,orat
,,,cost
,,,osta
,,,stab
,,,osti
,,,unse
,,,nsel
,,,ount
,,,unta
,,,ntab
,,,ntan
,,,unte
,,,unti
,,,untr
,,,ntre
,,,cour
,,,ourt
,,,ered
,,,erin
,,,erme
,,,rmen
,,,crea
,,,ease
,,,redi
,,,edit
,,,itin
,,,ntit
,,,itia
,,,cres
,,,resc
,,,endo
,,,cret
,,,reta
,,,etal
,,,rete
,,,eted
,,,reti
,,,crim
,,,rimi
,,,ched
,,,accu
,,,cult
,,,ultu
,,,ltur
,,,turi
,,,umbe
,,,mber
,,,mula
,,,labl
,,,curr
,,,urre
,,,urse
,,,sant
,,,tori
,,,iall
,,,atri
,,,stom
,,,toma
,,,tome
,,,omed
,,,tomi
,,,tron
,,,phth
,,,then
,,,hene
,,,nthr
,,,thre
,,,rene
,,,equi
,,,quin
,,,none
,,,affi
,,,ffin
,,,fine
,,,coni
,,,edia
,,,amin
,,,iast
,,,high
,,,cell
,,,ellu
,,,ceme
,,,meta
,,,thyl
,,,nest
,,,esth
,,,sthe
,,,ensu
,,,entr
,,,ntri
,,,ntro
,,,trou
,,,eolo
,,,alin
,,,acer
,,,cera
,,,erac
,,,race
,,,ther
,,,here
,,,heri
,,,atos
,,,tosi
,,,erba
,,,erbe
,,,eros
,,,rose
,,,itud
,,,erbo
,,,erli
,,,erol
,,,cert
,,,erta
,,,nnin
,,,rvat
,,,vate
,,,vati
,,,odyn
,,,amen
,,,este
,,,esto
,,,bula
,,,lari
,,,life
,,,ifer
,,,fero
,,,hydr
,,,liza
,,,mide
,,,dine
,,,inol
,,,noph
,,,ophe
,,,phen
,,,tani
,,,lide
,,,nion
,,,etar
,,,ario
,,,riou
,,,lami
,,,tifi
,,,ific
,,,fica
,,,ifie
,,,fied
,,,fier
,,,fies
,,,ifyi
,,,fyin
,,,lace
,,,eton
,,,onat
,,,tone
,,,benz
,,,lani
,,,sali
,,,alic
,,,carb
,,,olin
,,,eras
,,,lini
,,,cyan
,,,tyle
,,,ened
,,,rein
,,,leni
,,,fluo
,,,orid
,,,azin
,,,meth
,,,pero
,,,oxid
,,,heno
,,,enol
,,,rope
,,,time
,,,imet
,,,etry
,,,htha
,,,thal
,,,arse
,,,rsen
,,,chlo
,,,hlor
,,,lora
,,,inna
,,,mene
,,,olyt
,,,lyti
,,,ytic
,,,tomo
,,,omor
,,,morp
,,,orph
,,,rphi
,,,phin
,,,hone
,,,toni
,,,nitr
,,,tril
,,,niza
,,,uria
,,,toph
,,,tide
,,,heni
,,,enin
,,,nine
,,,eron
,,,osit
,,,uble
,,,eari
,,,over
,,,vera
,,,atro
,,,etra
,,,uric
,,,glob
,,,acha
,,,haem
,,,meni
,,,enia
,,,nida
,,,odon
,,,chai
,,,chal
,,,cham
,,,moth
,,,chan
,,,hang
,,,hape
,,,char
,,,iace
,,,arne
,,,inel
,,,nell
,,,heat
,,,chee
,,,lary
,,,ilia
,,,chel
,,,nium
,,,cher
,,,herm
,,,rman
,,,hero
,,,ront
,,,onti
,,,ntic
,,,ches
,,,chet
,,,hete
,,,heti
,,,tida
,,,weed
,,,achy
,,,chie
,,,hies
,,,iest
,,,ever
,,,chil
,,,hill
,,,leas
,,,lles
,,,illo
,,,chir
,,,irit
,,,chis
,,,loro
,,,phyl
,,,hyll
,,,yllo
,,,etha
,,,olia
,,,olou
,,,chon
,,,hond
,,,ondr
,,,ndri
,,,riti
,,,ndro
,,,drop
,,,opla
,,,plas
,,,choo
,,,chor
,,,hori
,,,orio
,,,rion
,,,horn
,,,hree
,,,chro
,,,extr
,,,oglo
,,,ocyt
,,,them
,,,hemi
,,,hrom
,,,atol
,,,atop
,,,hili
,,,ilic
,,,romi
,,,omic
,,,romo
,,,erie
,,,mode
,,,moph
,,,rich
,,,hron
,,,ycho
,,,hrop
,,,aler
,,,erve
,,,lori
,,,cycl
,,,lica
,,,arit
,,,rity
,,,arly
,,,acid
,,,hera
,,,indi
,,,fast
,,,head
,,,iabl
,,,iant
,,,iers
,,,dime
,,,idit
,,,opro
,,,prot
,,,rote
,,,phyt
,,,trea
,,,reat
,,,lant
,,,eral
,,,cili
,,,liat
,,,inac
,,,acio
,,,ciou
,,,nari
,,,inet
,,,inan
,,,nose
,,,seri
,,,eroi
,,,stia
,,,cita
,,,cker
,,,erle
,,,erly
,,,nvil
,,,ckle
,,,owin
,,,wing
,,,pira
,,,wort
,,,orth
,,,clas
,,,eist
,,,stoc
,,,emon
,,,spon
,,,efor
,,,coel
,,,colo
,,,pass
,,,acon
,,,elli
,,,llin
,,,ites
,,,cont
,,,resi
,,,copi
,,,opic
,,,corn
,,,orne
,,,rned
,,,shel
,,,hell
,,,phon
,,,cous
,,,usti
,,,tico
,,,icol
,,,icon
,,,tics
,,,ectr
,,,ctri
,,,acqu
,,,aint
,,,inti
,,,quen
,,,quer
,,,ques
,,,uest
,,,esen
,,,quir
,,,rabi
,,,ired
,,,enda
,,,irin
,,,quis
,,,site
,,,quit
,,,itti
,,,crac
,,,inae
,,,cran
,,,rani
,,,crat
,,,reak
,,,ream
,,,dale
,,,foot
,,,inch
,,,rema
,,,eman
,,,rest
,,,ridi
,,,opha
,,,phag
,,,moni
,,,indo
,,,risi
,,,crit
,,,rito
,,,ochr
,,,nema
,,,acro
,,,anes
,,,thri
,,,roba
,,,obat
,,,bath
,,,ithi
,,,stit
,,,obla
,,,croc
,,,roca
,,,roch
,,,ocho
,,,dina
,,,rock
,,,ocon
,,,onid
,,,ontr
,,,ntra
,,,ctur
,,,cora
,,,raco
,,,coid
,,,rint
,,,dact
,,,acty
,,,ctyl
,,,dont
,,,ntis
,,,drom
,,,rodu
,,,amou
,,,roge
,,,aphy
,,,role
,,,roli
,,,ogie
,,,gies
,,,ogue
,,,mast
,,,mega
,,,egal
,,,lies
,,,omel
,,,mela
,,,algi
,,,micr
,,,toid
,,,odic
,,,scap
,,,pula
,,,tern
,,,rnal
,,,oton
,,,mono
,,,nogr
,,,gram
,,,ramm
,,,amma
,,,mmat
,,,mpha
,,,narc
,,,arco
,,,euro
,,,hall
,,,onym
,,,rono
,,,onom
,,,crop
,,,ropa
,,,opar
,,,para
,,,aral
,,,pare
,,,ares
,,,opat
,,,path
,,,onet
,,,ropo
,,,podi
,,,opol
,,,poli
,,,orrh
,,,cros
,,,sarc
,,,rcum
,,,scle
,,,cler
,,,leri
,,,roso
,,,osom
,,,some
,,,rosp
,,,osph
,,,spir
,,,piri
,,,ospo
,,,spor
,,,poro
,,,ross
,,,rost
,,,iche
,,,chic
,,,icho
,,,osto
,,,lion
,,,tele
,,,oter
,,,erte
,,,roth
,,,otis
,,,isms
,,,tian
,,,auto
,,,togr
,,,aphi
,,,ench
,,,iari
,,,nife
,,,hema
,,,emat
,,,inis
,,,tino
,,,cill
,,,losi
,,,illu
,,,llus
,,,oche
,,,istr
,,,rini
,,,init
,,,ogon
,,,goni
,,,diat
,,,noid
,,,oida
,,,nolo
,,,nome
,,,stal
,,,rpho
,,,nons
,,,hore
,,,soma
,,,nost
,,,ereo
,,,othe
,,,erap
,,,rape
,,,troc
,,,uran
,,,nles
,,,akin
,,,king
,,,ivat
,,,imbe
,,,ivin
,,,ivis
,,,vita
,,,osin
,,,oris
,,,rish
,,,mana
,,,ager
,,,orsh
,,,rshi
,,,ctua
,,,lisa
,,,rien
,,,utat
,,,clos
,,,sure
,,,umbl
,,,mble
,,,umen
,,,umin
,,,pres
,,,punc
,,,uris
,,,sect
,,,shne
,,,tang
,,,angu
,,,ngul
,,,gula
,,,angl
,,,ngle
,,,tena
,,,tiat
,,,tili
,,,ingu
,,,plan
,,,anta
,,,tish
,,,grav
,,,rave
,,,elle
,,,svil
,,,aman
,,,manc
,,,mant
,,,noma
,,,anto
,,,ambu
,,,amel
,,,mell
,,,llit
,,,hood
,,,soni
,,,titu
,,,arme
,,,atom
,,,aunt
,,,raft
,,,dend
,,,dder
,,,fish
,,,gras
,,,rass
,,,mout
,,,outh
,,,ersp
,,,tong
,,,ongu
,,,ngue
,,,erwo
,,,icen
,,,dict
,,,ison
,,,ysto
,,,addl
,,,ddle
,,,ebra
,,,rain
,,,ehea
,,,eade
,,,pate
,,,dles
,,,dlin
,,,dors
,,,osse
,,,dres
,,,sser
,,,emin
,,,elan
,,,thra
,,,deli
,,,elin
,,,lind
,,,elop
,,,lpho
,,,demo
,,,empt
,,,enal
,,,enan
,,,endr
,,,nect
,,,omie
,,,phra
,,,deni
,,,pyro
,,,phos
,,,hosp
,,,deno
,,,ocel
,,,rcom
,,,fibr
,,,aphe
,,,pher
,,,hica
,,,hype
,,,yper
,,,pers
,,,erst
,,,hypo
,,,poph
,,,phys
,,,hysi
,,,ymph
,,,mpho
,,,enom
,,,mala
,,,alac
,,,laci
,,,trit
,,,nonc
,,,aryn
,,,ryng
,,,opht
,,,enos
,,,sine
,,,otyp
,,,agan
,,,hagi
,,,equa
,,,espo
,,,ssen
,,,enar
,,,fect
,,,free
,,,utin
,,,hara
,,,harm
,,,arma
,,,eren
,,,erer
,,,ocra
,,,hort
,,,okin
,,,kine
,,,gnos
,,,amor
,,,ntif
,,,apho
,,,hono
,,,oret
,,,rism
,,,orit
,,,pneu
,,,thet
,,,adic
,,,ight
,,,igra
,,,gran
,,,dyna
,,,ynam
,,,nami
,,,inve
,,,nven
,,,adio
,,,poly
,,,pect
,,,pose
,,,iron
,,,acks
,,,iger
,,,ourn
,,,urne
,,,urni
,,,just
,,,usta
,,,itch
,,,stag
,,,uste
,,,ener
,,,nera
,,,tato
,,,rice
,,,legi
,,,bber
,,,bbin
,,,lumi
,,,easu
,,,asur
,,,medi
,,,nsur
,,,admi
,,,mini
,,,iste
,,,tran
,,,inst
,,,nstr
,,,miss
,,,isso
,,,mitt
,,,tibl
,,,nish
,,,mort
,,,neph
,,,ephr
,,,nomi
,,,oles
,,,oper
,,,pera
,,,opti
,,,iani
,,,oran
,,,ored
,,,rner
,,,scul
,,,down
,,,prom
,,,omis
,,,rame
,,,amme
,,,read
,,,ecta
,,,rena
,,,alco
,,,ropi
,,,adri
,,,anna
,,,anne
,,,enne
,,,dron
,,,ostr
,,,ende
,,,scri
,,,crip
,,,ript
,,,sess
,,,hear
,,,eart
,,,sign
,,,igni
,,,nifi
,,,smit
,,,latr
,,,lter
,,,eriz
,,,ulti
,,,like
,,,ultr
,,,brat
,,,unco
,,,nced
,,,ncin
,,,ntag
,,,aged
,,,adve
,,,ehen
,,,ntur
,,,resh
,,,reso
,,,verb
,,,ersa
,,,ersu
,,,vert
,,,tenc
,,,rtis
,,,vice
,,,ersh
,,,visi
,,,voca
,,,ocat
,,,volu
,,,ward
,,,stan
,,,ecia
,,,cial
,,,idio
,,,elio
,,,edic
,,,geri
,,,gest
,,,till
,,,itho
,,,thog
,,,gnat
,,,athi
,,,urop
,,,gmat
,,,armo
,,,rmon
,,,olid
,,,lida
,,,ligh
,,,lome
,,,pant
,,,opis
,,,rnis
,,,rnit
,,,orme
,,,real
,,,ried
,,,rier
,,,fact
,,,rifi
,,,aero
,,,ball
,,,robi
,,,obio
,,,boat
,,,eroc
,,,amer
,,,cart
,,,onta
,,,oduc
,,,ydro
,,,lane
,,,echa
,,,hani
,,,magn
,,,agne
,,,gnet
,,,mari
,,,icin
,,,moto
,,,otor
,,,erop
,,,peri
,,,neum
,,,elis
,,,phot
,,,hoto
,,,opul
,,,sphe
,,,pori
,,,ermo
,,,rovi
,,,schi
,,,iciz
,,,cize
,,,esti
,,,uous
,,,stur
,,,ethe
,,,thel
,,,heli
,,,theo
,,,ylla
,,,etho
,,,ioph
,,,saur
,,,auri
,,,eare
,,,ared
,,,affe
,,,essn
,,,ssne
,,,ectu
,,,sche
,,,alte
,,,ffer
,,,fere
,,,ffic
,,,fici
,,,onad
,,,idat
,,,fing
,,,fini
,,,nity
,,,rmed
,,,flat
,,,orce
,,,fore
,,,fran
,,,ghte
,,,rett
,,,tand
,,,righ
,,,hted
,,,tful
,,,fron
,,,onte
,,,fusi
,,,fiel
,,,ield
,,,fire
,,,flag
,,,lage
,,,lame
,,,icke
,,,flow
,,,lowe
,,,ower
,,,ocal
,,,oing
,,,hand
,,,nned
,,,eing
,,,ewar
,,,fort
,,,cand
,,,ande
,,,eris
,,,cani
,,,aniz
,,,semi
,,,rown
,,,shar
,,,afte
,,,fter
,,,ratt
,,,terb
,,,each
,,,burn
,,,terc
,,,erca
,,,care
,,,arac
,,,erch
,,,rcha
,,,chur
,,,erco
,,,ercu
,,,eath
,,,desc
,,,crib
,,,ribe
,,,desi
,,,igne
,,,erdi
,,,inne
,,,nner
,,,disc
,,,arge
,,,terf
,,,fall
,,,erfe
,,,grow
,,,guar
,,,atch
,,,rhea
,,,hold
,,,impr
,,,mpre
,,,rkin
,,,terl
,,,live
,,,loss
,,,love
,,,mark
,,,arke
,,,arri
,,,atte
,,,erni
,,,nigh
,,,terp
,,,part
,,,past
,,,erpe
,,,play
,,,erpo
,,,oten
,,,erpr
,,,rpro
,,,terr
,,,erre
,,,erri
,,,roll
,,,scho
,,,sens
,,,ensa
,,,nsat
,,,ocks
,,,erso
,,,spec
,,,peci
,,,spri
,,,prin
,,,trai
,,,stre
,,,etch
,,,supp
,,,pper
,,,well
,,,thea
,,,nker
,,,rtho
,,,erto
,,,tria
,,,ervi
,,,ards
,,,wash
,,,wise
,,,word
,,,work
,,,worl
,,,orld
,,,will
,,,nsta
,,,wood
,,,alen
,,,gall
,,,allo
,,,amet
,,,mont
,,,ospe
,,,sper
,,,perm
,,,ngli
,,,gani
,,,mone
,,,gari
,,,ricu
,,,gast
,,,tach
,,,stro
,,,elik
,,,arch
,,,rchi
,,,hist
,,,rack
,,,cked
,,,disp
,,,ispe
,,,rust
,,,bled
,,,hard
,,,arde
,,,rden
,,,long
,,,agen
,,,nnes
,,,trie
,,,eled
,,,truc
,,,wear
,,,agge
,,,elat
,,,gger
,,,iniz
,,,grad
,,,andi
,,,ndis
,,,dise
,,,disi
,,,grat
,,,rega
,,,gres
,,,labi
,,,inco
,,,prop
,,,pist
,,,lanc
,,,imme
,,,mmer
,,,litt
,,,glos
,,,ossi
,,,tolo
,,,etis
,,,mphi
,,,agon
,,,onos
,,,rama
,,,lood
,,,agra
,,,cyto
,,,ravi
,,,eati
,,,gree
,,,ribu
,,,coli
,,,rali
,,,igen
,,,type
,,,noti
,,,rise
,,,scal
,,,guin
,,,irre
,,,guis
,,,ishl
,,,shly
,,,ishn
,,,hnes
,,,hant
,,,hart
,,,unch
,,,unge
,,,lott
,,,otte
,,,lett
,,,sele
,,,reen
,,,olli
,,,oubl
,,,vari
,,,remo
,,,emor
,,,more
,,,llet
,,,esqu
,,,sque
,,,aile
,,,iler
,,,ilis
,,,ller
,,,aras
,,,inse
,,,sell
,,,thed
,,,rick
,,,rush
,,,usse
,,,ambe
,,,bere
,,,rche
,,,clea
,,,lear
,,,ndit
,,,conv
,,,onve
,,,sman
,,,smen
,,,woma
,,,defi
,,,draw
,,,rive
,,,oppe
,,,embr
,,,insu
,,,nsul
,,,penn
,,,rles
,,,rlik
,,,rlin
,,,gged
,,,mans
,,,mong
,,,onge
,,,perv
,,,anin
,,,scre
,,,ason
,,,shee
,,,sick
,,,trip
,,,wall
,,,llow
,,,rthe
,,,tram
,,,plin
,,,isen
,,,stop
,,,bone
,,,tche
,,,uthe
,,,iver
,,,prov
,,,rove
,,,oven
,,,ouri
,,,niac
,,,anke
,,,aker
,,,kers
,,,ndle
,,,mmin
,,,trum
,,,lack
,,,alae
,,,lain
,,,four
,,,alam
,,,mann
,,,ambi
,,,ique
,,,land
,,,ands
,,,lang
,,,ange
,,,angi
,,,nsen
,,,rodi
,,,audi
,,,udin
,,,anit
,,,barr
,,,arra
,,,tros
,,,arle
,,,spin
,,,pine
,,,flor
,,,arbo
,,,rbon
,,,cocc
,,,natu
,,,ipar
,,,paro
,,,nett
,,,andr
,,,carr
,,,tras
,,,mill
,,,oden
,,,onac
,,,coat
,,,loph
,,,ooth
,,,cove
,,,ovin
,,,lder
,,,dera
,,,leav
,,,eave
,,,aved
,,,anat
,,,nlik
,,,open
,,,pent
,,,brow
,,,erry
,,,conn
,,,mach
,,,trio
,,,aled
,,,edis
,,,ouse
,,,sand
,,,lema
,,,lenc
,,,ncon
,,,aleo
,,,epid
,,,erce
,,,lers
,,,tris
,,,leuc
,,,leur
,,,lexi
,,,arab
,,,rill
,,,onse
,,,onsi
,,,rese
,,,gard
,,,arro
,,,rais
,,,riza
,,,rece
,,,ivor
,,,nkin
,,,nqui
,,,libe
,,,iber
,,,erla
,,,lich
,,,nico
,,,liqu
,,,sept
,,,ndar
,,,isma
,,,ithe
,,,arat
,,,lifi
,,,loid
,,,anal
,,,kies
,,,sulf
,,,llab
,,,ymen
,,,mand
,,,otti
,,,llan
,,,pale
,,,appr
,,,ppro
,,,rgan
,,,rang
,,,lass
,,,asso
,,,llat
,,,temp
,,,llec
,,,olor
,,,lore
,,,ompe
,,,ompo
,,,mpos
,,,preh
,,,rehe
,,,nsiv
,,,eali
,,,conf
,,,nque
,,,onst
,,,onsu
,,,nten
,,,trol
,,,onvi
,,,inci
,,,veri
,,,curi
,,,deci
,,,epen
,,,pend
,,,estr
,,,isco
,,,spen
,,,divi
,,,alle
,,,rnes
,,,ecre
,,,caln
,,,egra
,,,eyed
,,,loca
,,,ndes
,,,llen
,,,ncom
,,,asse
,,,nton
,,,nici
,,,expe
,,,rede
,,,gold
,,,olde
,,,vern
,,,owed
,,,opin
,,,llic
,,,llie
,,,lier
,,,igat
,,,llum
,,,imit
,,,impo
,,,mpor
,,,orta
,,,lusi
,,,fold
,,,nfor
,,,pret
,,,llio
,,,arre
,,,stif
,,,ntai
,,,make
,,,maki
,,,merc
,,,erci
,,,misc
,,,ochi
,,,hick
,,,cryp
,,,rypt
,,,mmun
,,,mero
,,,patr
,,,lope
,,,hyto
,,,lasm
,,,psyc
,,,sych
,,,tell
,,,loth
,,,pies
,,,rans
,,,ansp
,,,spla
,,,verp
,,,remi
,,,pati
,,,pled
,,,perc
,,,perf
,,,uasi
,,,pier
,,,tile
,,,pond
,,,ewor
,,,prev
,,,vale
,,,reve
,,,even
,,,prol
,,,tect
,,,cken
,,,rail
,,,reli
,,,elie
,,,ussi
,,,sacr
,,,shap
,,,aped
,,,unne
,,,limi
,,,spic
,,,prea
,,,eadi
,,,stee
,,,subd
,,,subs
,,,ubst
,,,suff
,,,whit
,,,rong
,,,dema
,,,mend
,,,mona
,,,mora
,,,oney
,,,alog
,,,shor
,,,oose
,,,augh
,,,tock
,,,pert
,,,petr
,,,trag
,,,toco
,,,soph
,,,emer
,,,oist
,,,nanc
,,,nnat
,,,stel
,,,ncha
,,,lumb
,,,ferr
,,,sili
,,,unit
,,,olar
,,,olon
,,,verd
,,,macr
,,,sett
,,,ntil
,,,evol
,,,mart
,,,assa
,,,jack
,,,exte
,,,xtra
,,,syll
,,,tend
,,,urge
,,,elet
,,,meli
,,,uman
,,,ndic
,,,etro
,,,trom
,,,icro
,,,nucl
,,,ucle
,,,succ
,,,sulp
,,,ulph
,,,elen
,,,ncep
,,,itro
,,,misa
,,,ammo
,,,mmon
,,,onoc
,,,muni
,,,mori
,,,orro
,,,rrow
,,,moti
,,,pala
,,,erem
,,,amph
,,,styl
,,,ibra
,,,icar
,,,plat
,,,iple
,,,pros
,,,rhin
,,,thec
,,,plen
,,,poll
,,,ollo
,,,span
,,,ntid
,,,laeo
,,,ypto
,,,mmed
,,,ansi
,,,soci
,,,ocia
,,,tice
,,,stig
,,,osed
,,,rean
,,,nche
,,,ncho
,,,pita
,,,huma
,,,cono
,,,ncor
,,,ncre
,,,ndel
,,,dere
,,,ggin
,,,ctro
,,,trot
,,,molo
,,,trog
,,,nfra
,,,ngel
,,,iogr
,,,aver
,,,hemo
,,,symp
,,,teno
,,,tens
,,,trib
,,,worm
,,,aust
,,,ustr
,,,germ
,,,dish
,,,kish
,,,ngra
,,,look
,,,ooki
,,,ngui
,,,ariz
,,,sple
,,,hedr
,,,rsal
,,,culo
,,,plac
,,,nsti
,,,proc
,,,nnel
,,,anno
,,,nona
,,,otto
,,,ulle
,,,orch
,,,orga
,,,salt
,,,nste
,,,tane
,,,tart
,,,bird
,,,chri
,,,hris
,,,ecol
,,,ecom
,,,ommu
,,,ntel
,,,ntem
,,,enni
,,,ngen
,,,ocul
,,,rcul
,,,epar
,,,tora
,,,tima
,,,epre
,,,pred
,,,qual
,,,refo
,,,resu
,,,infe
,,,nfer
,,,room
,,,pari
,,,supe
,,,uper
,,,igna
,,,empl
,,,tetr
,,,pola
,,,osop
,,,ntie
,,,itar
,,,iola
,,,capi
,,,yclo
,,,tick
,,,icki
,,,ckin
,,,icks
,,,omme
,,,nduc
,,,onfe
,,,serv
,,,vell
,,,corr
,,,tier
,,,cree
,,,eper
,,,repu
,,,rime
,,,deca
,,,depr
,,,riva
,,,diff
,,,scra
,,,educ
,,,empe
,,,epis
,,,iliz
,,,lash
,,,latt
,,,ggle
,,,homo
,,,impe
,,,indu
,,,infl
,,,sola
,,,evel
,,,bera
,,,ntim
,,,meso
,,,mili
,,,yell
,,,onop
,,,mons
,,,squi
,,,ntip
,,,arli
,,,stil
,,,lipp
,,,ipho
,,,pill
,,,prec
,,,reci
,,,dete
,,,rela
,,,prep
,,,repa
,,,prim
,,,pris
,,,prod
,,,prof
,,,prog
,,,trid
,,,quar
,,,uart
,,,attl
,,,ttle
,,,elig
,,,ubli
,,,eser
,,,umat
,,,skin
,,,scor
,,,nsit
,,,silv
,,,ilve
,,,napp
,,,ecul
,,,stim
,,,trad
,,,tube
,,,uber
,,,verm
,,,appi
,,,tlin
,,,onch
,,,rane
,,,nver
,,,aper
,,,pick
,,,lust
,,,tchi
,,,rele
,,,arte
,,,pear
,,,arer
,,,ndec
,,,appl
,,,pple
,,,ppre
,,,reca
,,,nsib
,,,habi
,,,prob
,,,inqu
,,,ickl
,,,octo
,,,quad
,,,quas
,,,quil
,,,rank
,,,buck
,,,plai
,,,nsol
,,,nspi
,,,crow
,,,dece
,,,defe
,,,diss
,,,turb
,,,ereb
,,,rebr
,,,supr
,,,prem
,,,trav
,,,lead
,,,ysta
,,,chop
,,,ince
,,,repr
,,,trap
,,,wind
,,,reco
,,,rere
,,,olum
,,,hair
,,,rres
,,,rrie
,,,nick
,,,intr
,,,vere
,,,cala
,,,scar
,,,harp
,,,spar
,,,secu
,,,self
,,,sert
,,,seve
,,,summ
,,,trif
,,,ruct
,,,empo
,,,roug
,,,onto
,,,tren
,,,unin
,,,eque
,,,dens
,,,rrel
,,,deco
,,,hexa
,,,igge
,,,ugge
,,,verg
,,,avel
,,,aven
,,,tail
,,,verr
,,,west
,,,whee
,,,heel
,,,circ
,,,oote
,,,plum
,,,feat
,,,tton
,,,clot
,,,step
,,,rapp
,,,rink
,,,onfi
,,,andl
,,,book
,,,ecke
,,,retr
,,,disa
,,,plea
,,,verl
,,,chas
,,,owne
,,,impl
,,,dive
,,,efer
,,,efin
,,,elly
,,,iddl
,,,inni
,,,umme
,,,half
,,,wine
,,,ltra
,,,cong
,,,espe
,,,swee
,,,weet
,,,ircu
,,,pedi
,,,uadr
,,,resp
,,,onco
,,,pree
,,,ongr
,,,ommi
,,,twic
,,,unst
,,,bull
,,,nonp
,,,onpr
,,,npro
,,,nonr
,,,nonv
,,,repl
,,,unic
,,,emip
,,,mult
,,,impa
,,,offe
,,,upra
,,,mpro
,,,expl
,,,perp
,,,nint
,,,onre
,,,refe
,,,verc
,,,repe
,,,doub
,,,verf
,,,prei
,,,heav
,,,unre
,,,unsa
,,,nond
,,,eudo
,,,pref
,,,unma
,,,nexp
,,,wice
,,,nper
,,,unbe
,,,unme
,,,unpa
,,,unsh
,,,subt
,,,pseu
,,,nont
,,,nonf
,,,nonm
,,,npre
,,,subc
,,,unsu
,,,seud
,,,unpr
,,,unpe
,,,unsp
,,,suba
,,,unex
,,,,point
,,,,onica
,,,,nical
,,,,sburg
,,,,inate
,,,,inati
,,,,natio
,,,,ation
,,,,acter
,,,,cteri
,,,,teria
,,,,erial
,,,,actin
,,,,nally
,,,,actio
,,,,ction
,,,,latio
,,,,nated
,,,,natin
,,,,ating
,,,,onabl
,,,,nable
,,,,oning
,,,,nment
,,,,ments
,,,,ition
,,,,pical
,,,,arthr
,,,,artic
,,,,ticul
,,,,icula
,,,,cular
,,,,culat
,,,,ulati
,,,,ednes
,,,,dness
,,,,ement
,,,,shing
,,,,lessl
,,,,essly
,,,,hment
,,,,table
,,,,ators
,,,,ature
,,,,atica
,,,,tical
,,,,esses
,,,,ville
,,,,iated
,,,,ately
,,,,iatio
,,,,tions
,,,,atory
,,,,erian
,,,,erite
,,,,dicat
,,,,icate
,,,,cated
,,,,icati
,,,,catin
,,,,catio
,,,,cativ
,,,,ative
,,,,cator
,,,,itive
,,,,omina
,,,,nteri
,,,,terio
,,,,cardi
,,,,cente
,,,,ogeni
,,,,stere
,,,,ectom
,,,,ctomy
,,,,stero
,,,,otomy
,,,,oster
,,,,steri
,,,,oscop
,,,,scope
,,,,inous
,,,,sical
,,,,ducti
,,,,cting
,,,,uctio
,,,,rance
,,,,arian
,,,,aries
,,,,ances
,,,,ncies
,,,,onian
,,,,enter
,,,,antly
,,,,rated
,,,,ratin
,,,,ratio
,,,,tiona
,,,,ional
,,,,rativ
,,,,rator
,,,,romet
,,,,omete
,,,,meter
,,,,rosco
,,,,essiv
,,,,ssive
,,,,tment
,,,,etter
,,,,tting
,,,,inabl
,,,,ences
,,,,ently
,,,,ingly
,,,,ingne
,,,,ngnes
,,,,gness
,,,,ience
,,,,neous
,,,,abili
,,,,iment
,,,,bilit
,,,,itabl
,,,,ility
,,,,iliti
,,,,litie
,,,,ities
,,,,inger
,,,,state
,,,,ogene
,,,,genes
,,,,enesi
,,,,nesis
,,,,genet
,,,,eneti
,,,,netic
,,,,etica
,,,,icall
,,,,cally
,,,,genou
,,,,enous
,,,,iolog
,,,,ology
,,,,ologi
,,,,logic
,,,,ogica
,,,,gical
,,,,otrop
,,,,troph
,,,,rophy
,,,,rophi
,,,,itate
,,,,itati
,,,,tatio
,,,,tativ
,,,,olith
,,,,ected
,,,,tedne
,,,,jecti
,,,,ectio
,,,,ectiv
,,,,ctive
,,,,tness
,,,,nesse
,,,,urati
,,,,uring
,,,,blast
,,,,lasti
,,,,astin
,,,,lated
,,,,latin
,,,,titio
,,,,tious
,,,,lativ
,,,,tivel
,,,,ively
,,,,lator
,,,,gatio
,,,,minde
,,,,inded
,,,,dedne
,,,,ablen
,,,,blene
,,,,lenes
,,,,eness
,,,,bling
,,,,lings
,,,,ution
,,,,ionar
,,,,onary
,,,,ality
,,,,aliti
,,,,ormal
,,,,alise
,,,,lised
,,,,ising
,,,,alism
,,,,alist
,,,,alize
,,,,lized
,,,,alizi
,,,,lizin
,,,,izing
,,,,alnes
,,,,lness
,,,,erabl
,,,,rable
,,,,board
,,,,oidea
,,,,hable
,,,,ished
,,,,ishes
,,,,oliti
,,,,tioni
,,,,ionis
,,,,onism
,,,,onist
,,,,onize
,,,,nized
,,,,nizin
,,,,minat
,,,,nator
,,,,rally
,,,,rning
,,,,cient
,,,,rting
,,,,rtion
,,,,tiven
,,,,ivene
,,,,venes
,,,,togen
,,,,genic
,,,,ought
,,,,bound
,,,,ounde
,,,,under
,,,,nding
,,,,faced
,,,,pping
,,,,round
,,,,entio
,,,,ntion
,,,,tione
,,,,ioned
,,,,proof
,,,,water
,,,,brach
,,,,dable
,,,,ading
,,,,branc
,,,,ranch
,,,,anchi
,,,,nchia
,,,,ialis
,,,,sivel
,,,,siven
,,,,ption
,,,,eable
,,,,tedly
,,,,essed
,,,,cessi
,,,,ssing
,,,,essio
,,,,ssion
,,,,ision
,,,,conce
,,,,onder
,,,,nders
,,,,iling
,,,,entat
,,,,ntati
,,,,ented
,,,,nters
,,,,senti
,,,,entia
,,,,entin
,,,,nting
,,,,ntnes
,,,,tenes
,,,,istic
,,,,stica
,,,,izati
,,,,zatio
,,,,ometr
,,,,metri
,,,,etric
,,,,ptive
,,,,ulate
,,,,ained
,,,,ining
,,,,iousl
,,,,ously
,,,,iousn
,,,,ousne
,,,,usnes
,,,,sness
,,,,tenti
,,,,sters
,,,,ntial
,,,,tract
,,,,racti
,,,,activ
,,,,stric
,,,,usion
,,,,termi
,,,,ermin
,,,,rmina
,,,,omani
,,,,mania
,,,,antia
,,,,sable
,,,,fully
,,,,fulne
,,,,ulnes
,,,,usive
,,,,utter
,,,,aceae
,,,,mical
,,,,ician
,,,,nship
,,,,icism
,,,,trate
,,,,aceou
,,,,ceous
,,,,antho
,,,,ocarp
,,,,oceph
,,,,cepha
,,,,ephal
,,,,phali
,,,,phalo
,,,,alous
,,,,lysis
,,,,holog
,,,,ophor
,,,,orous
,,,,omato
,,,,atous
,,,,opter
,,,,ptero
,,,,erous
,,,,omati
,,,,iform
,,,,arine
,,,,rines
,,,,oderm
,,,,derma
,,,,ermat
,,,,rmati
,,,,rolog
,,,,logis
,,,,ogist
,,,,ophil
,,,,philo
,,,,ropho
,,,,ophob
,,,,phobi
,,,,hobia
,,,,lecti
,,,,actic
,,,,thesi
,,,,stati
,,,,rical
,,,,escen
,,,,scent
,,,,scenc
,,,,cence
,,,,ulous
,,,,erate
,,,,rates
,,,,erati
,,,,tingl
,,,,erato
,,,,rogra
,,,,ograp
,,,,graph
,,,,ibili
,,,,ensio
,,,,nsion
,,,,tless
,,,,tabil
,,,,tably
,,,,cepti
,,,,tress
,,,,sitio
,,,,iness
,,,,sibil
,,,,sible
,,,,iblen
,,,,siona
,,,,orial
,,,,rized
,,,,rizin
,,,,atura
,,,,ident
,,,,denta
,,,,ental
,,,,ntali
,,,,talis
,,,,tally
,,,,entar
,,,,denti
,,,,inged
,,,,nging
,,,,matio
,,,,matis
,,,,isati
,,,,satio
,,,,olate
,,,,colle
,,,,datio
,,,,compa
,,,,menta
,,,,anist
,,,,compl
,,,,lemen
,,,,icity
,,,,ordin
,,,,orate
,,,,orati
,,,,stabl
,,,,sting
,,,,count
,,,,ounte
,,,,unter
,,,,tered
,,,,terin
,,,,ering
,,,,ermen
,,,,rment
,,,,iting
,,,,eting
,,,,achin
,,,,ching
,,,,cultu
,,,,ultur
,,,,tural
,,,,lable
,,,,mulat
,,,,ulato
,,,,atori
,,,,toria
,,,,ially
,,,,singl
,,,,stoma
,,,,tomat
,,,,anthr
,,,,amine
,,,,esthe
,,,,centr
,,,,entri
,,,,eolog
,,,,cerat
,,,,ather
,,,,there
,,,,theri
,,,,tosis
,,,,ulari
,,,,laria
,,,,ifero
,,,,ferou
,,,,taliz
,,,,aliza
,,,,lizat
,,,,rious
,,,,tific
,,,,ifica
,,,,ficat
,,,,ified
,,,,ifyin
,,,,fying
,,,,onate
,,,,lines
,,,,ester
,,,,pheno
,,,,metry
,,,,phtha
,,,,hthal
,,,,roman
,,,,chlor
,,,,tomet
,,,,trica
,,,,omorp
,,,,morph
,,,,orphi
,,,,tonic
,,,,nizat
,,,,osity
,,,,earin
,,,,overa
,,,,iacea
,,,,erman
,,,,tidae
,,,,ophyl
,,,,phyll
,,,,chond
,,,,hondr
,,,,ritic
,,,,oplas
,,,,plast
,,,,astic
,,,,chrom
,,,,hroma
,,,,romat
,,,,matic
,,,,phili
,,,,trich
,,,,chron
,,,,thera
,,,,formi
,,,,iable
,,,,prote
,,,,ophyt
,,,,aciou
,,,,cious
,,,,taria
,,,,erine
,,,,owing
,,,,worth
,,,,horse
,,,,ellin
,,,,conti
,,,,ophon
,,,,phoni
,,,,later
,,,,teral
,,,,elect
,,,,lectr
,,,,inted
,,,,itted
,,,,itter
,,,,crati
,,,,ophag
,,,,itica
,,,,ochro
,,,,oblas
,,,,rdina
,,,,contr
,,,,ontra
,,,,cture
,,,,dacty
,,,,actyl
,,,,odont
,,,,rogen
,,,,raphy
,,,,stern
,,,,terna
,,,,ernal
,,,,nogra
,,,,ogram
,,,,gramm
,,,,neuro
,,,,opath
,,,,phone
,,,,polit
,,,,scler
,,,,scopi
,,,,spiri
,,,,ospor
,,,,cross
,,,,ticis
,,,,togra
,,,,raphi
,,,,aphic
,,,,hemat
,,,,emati
,,,,inist
,,,,nisti
,,,,chemi
,,,,olite
,,,,litic
,,,,nolog
,,,,meric
,,,,orpho
,,,,phore
,,,,ostom
,,,,other
,,,,herap
,,,,nless
,,,,aking
,,,,ctori
,,,,orshi
,,,,rship
,,,,resse
,,,,listi
,,,,press
,,,,tured
,,,,ector
,,,,angle
,,,,plant
,,,,svill
,,,,antin
,,,,ntine
,,,,aster
,,,,onall
,,,,mouth
,,,,tongu
,,,,ongue
,,,,ament
,,,,ditio
,,,,brain
,,,,raine
,,,,heade
,,,,eaded
,,,,dling
,,,,ressi
,,,,eling
,,,,phosp
,,,,hosph
,,,,raphe
,,,,apher
,,,,phica
,,,,hical
,,,,hyper
,,,,ophys
,,,,physi
,,,,oidal
,,,,ening
,,,,aryng
,,,,ophth
,,,,otomi
,,,,erent
,,,,phori
,,,,risti
,,,,therm
,,,,theti
,,,,hetic
,,,,dynam
,,,,venti
,,,,posit
,,,,ositi
,,,,oring
,,,,gener
,,,,enera
,,,,tator
,,,,lumin
,,,,illar
,,,,easur
,,,,minis
,,,,ister
,,,,istra
,,,,strat
,,,,trati
,,,,atric
,,,,ringl
,,,,missi
,,,,tible
,,,,perat
,,,,ianis
,,,,anism
,,,,naliz
,,,,rench
,,,,tropi
,,,,ropic
,,,,enden
,,,,scrip
,,,,cript
,,,,heart
,,,,thing
,,,,spira
,,,,terat
,,,,eries
,,,,erize
,,,,rousl
,,,,rousn
,,,,ializ
,,,,versa
,,,,verse
,,,,versi
,,,,verti
,,,,ershi
,,,,arist
,,,,gmati
,,,,light
,,,,riali
,,,,erica
,,,,rific
,,,,roduc
,,,,hydro
,,,,litho
,,,,magne
,,,,agnet
,,,,antic
,,,,dical
,,,,photo
,,,,spher
,,,,ostat
,,,,hermo
,,,,icize
,,,,fecti
,,,,lessn
,,,,essne
,,,,ssnes
,,,,feren
,,,,fores
,,,,ested
,,,,estin
,,,,forma
,,,,eight
,,,,ighte
,,,,ended
,,,,right
,,,,ghted
,,,,front
,,,,ontin
,,,,field
,,,,flowe
,,,,lower
,,,,nning
,,,,ander
,,,,anize
,,,,nthro
,,,,throp
,,,,after
,,,,scrib
,,,,atter
,,,,night
,,,,erson
,,,,sprin
,,,,strai
,,,,train
,,,,world
,,,,stand
,,,,sperm
,,,,gastr
,,,,astro
,,,,stron
,,,,elike
,,,,archi
,,,,acked
,,,,lling
,,,,eless
,,,,struc
,,,,eathe
,,,,elati
,,,,nerat
,,,,ratic
,,,,inize
,,,,gress
,,,,istin
,,,,lance
,,,,isten
,,,,gloss
,,,,tolog
,,,,blood
,,,,ralis
,,,,ishly
,,,,ishne
,,,,shnes
,,,,hness
,,,,histo
,,,,green
,,,,iving
,,,,ouble
,,,,lette
,,,,ailed
,,,,conve
,,,,woman
,,,,aring
,,,,illed
,,,,rless
,,,,rlike
,,,,monge
,,,,onger
,,,,allow
,,,,ivers
,,,,creat
,,,,carbo
,,,,natur
,,,,leave
,,,,eaved
,,,,nlike
,,,,berry
,,,,house
,,,,ncons
,,,,illin
,,,,rizat
,,,,nness
,,,,aling
,,,,itali
,,,,provi
,,,,black
,,,,llect
,,,,color
,,,,olore
,,,,lored
,,,,compe
,,,,compo
,,,,prehe
,,,,endin
,,,,nsive
,,,,const
,,,,stant
,,,,onstr
,,,,consu
,,,,conte
,,,,cover
,,,,overi
,,,,verin
,,,,disco
,,,,icaln
,,,,calne
,,,,ncomp
,,,,fishe
,,,,allin
,,,,nform
,,,,inter
,,,,nterp
,,,,itera
,,,,maker
,,,,makin
,,,,metal
,,,,crypt
,,,,pathi
,,,,phyto
,,,,plasm
,,,,psych
,,,,trans
,,,,overp
,,,,overs
,,,,overt
,,,,prese
,,,,resen
,,,,esent
,,,,shape
,,,,haped
,,,,outhe
,,,,subst
,,,,atche
,,,,tines
,,,,stock
,,,,alter
,,,,ellat
,,,,licat
,,,,stone
,,,,white
,,,,extra
,,,,erali
,,,,tende
,,,,lingl
,,,,ender
,,,,micro
,,,,sulph
,,,,encep
,,,,nceph
,,,,mmuni
,,,,inder
,,,,raliz
,,,,amphi
,,,,plica
,,,,llate
,,,,emato
,,,,nalis
,,,,icali
,,,,socia
,,,,anded
,,,,ocrat
,,,,ectro
,,,,molog
,,,,ntero
,,,,angel
,,,,onali
,,,,iogra
,,,,perma
,,,,tensi
,,,,oking
,,,,place
,,,,stitu
,,,,eller
,,,,perin
,,,,organ
,,,,ortho
,,,,chris
,,,,hrist
,,,,class
,,,,commu
,,,,ommun
,,,,talli
,,,,porti
,,,,predi
,,,,super
,,,,uperi
,,,,entra
,,,,radio
,,,,antis
,,,,itari
,,,,parti
,,,,break
,,,,cyclo
,,,,cking
,,,,gging
,,,,comme
,,,,conse
,,,,epres
,,,,heter
,,,,etero
,,,,imper
,,,,nterm
,,,,yello
,,,,ellow
,,,,antip
,,,,perso
,,,,pneum
,,,,preci
,,,,prede
,,,,produ
,,,,proto
,,,,sycho
,,,,sensi
,,,,spect
,,,,pirit
,,,,stall
,,,,tempe
,,,,tling
,,,,perse
,,,,trach
,,,,elled
,,,,arter
,,,,penta
,,,,maste
,,,,range
,,,,arrow
,,,,overe
,,,,semic
,,,,belli
,,,,truct
,,,,rough
,,,,ingle
,,,,aught
,,,,tetra
,,,,ooted
,,,,cloth
,,,,hande
,,,,stick
,,,,earte
,,,,arted
,,,,macro
,,,,undis
,,,,upers
,,,,dered
,,,,sweet
,,,,circu
,,,,nstru
,,,,quadr
,,,,recon
,,,,uncom
,,,,nonin
,,,,nonpr
,,,,ntera
,,,,ircum
,,,,overd
,,,,overl
,,,,nterr
,,,,short
,,,,commi
,,,,oncon
,,,,confi
,,,,nterc
,,,,overc
,,,,doubl
,,,,multi
,,,,ultra
,,,,upera
,,,,rever
,,,,overf
,,,,three
,,,,palae
,,,,preco
,,,,repro
,,,,redis
,,,,ncont
,,,,intra
,,,,nonco
,,,,nonde
,,,,nondi
,,,,nonre
,,,,overb
,,,,pseud
,,,,seudo
,,,,unpro
,,,,quasi
,,,,uncon
,,,,twice
