,te
,er
,la
,je
,jo
,am
,as
,at
,le
,lo
,me
,et
,tr
,re
,es
,rs
,th
,hy
,yl
,lb
,bu
,ut
,ta
,an
,ne
,lp
,pr
,ro
,op
,pa
,na
,ag
,ge
,ab
,bs
,ac
,cc
,cl
,ad
,af
,ms
,ai
,ie
,ii
,ip
,aj
,ao
,oc
,cs
,ap
,pi
,pn
,ar
,rn
,sb
,bl
,ls
,sm
,av
,az
,ze
,rt
,ty
,al
,nd
,da
,is
,se
,bb
,be
,ev
,vi
,il
,ll
,oi
,rd
,do
,on
,ni
,en
,nn
,ns
,bi
,id
,dj
,ja
,it
,ti
,ib
,ha
,zi
,bo
,om
,ee
,or
,ri
,ig
,br
,ru
,zz
,za
,aq
,qu
,ui
,ca
,di
,gh
,fr
,ic
,in
,ix
,xo
,ci
,ce
,ak
,ka
,sk
,ki
,ba
,ex
,xa
,dr
,lg
,em
,ma
,de
,ds
,lm
,mo
,ra
,co
,sa
,ep
,mb
,zo
,mi
,no
,nc
,ou
,us
,rr
,tt
,ng
,el
,li
,gl
,ch
,he
,go
,ol
,gu
,ec
,nt
,io
,hi
,nv
,ve
,so
,os
,st
,to
,rc
,ho
,rg
,rm
,si
,ia
,iq
,ue
,sp
,pe
,ss
,tu
,ur
,au
,uc
,cu
,un
,uv
,gn
,ts
,ey
,yr
,ax
,ay
,ym
,rb
,eq
,ae
,bd
,ff
,fi
,gs
,ob
,ps
,bt
,by
,ir
,ah
,hr
,ei
,ke
,ea
,ko
,ok
,ud
,sq
,va
,cy
,rl
,lu
,ug
,ga
,mu
,ot
,ck
,ks
,iv
,sn
,wa
,ul
,eo
,ux
,xe
,ed
,iz
,ry
,yt
,fs
,sl
,ld
,hu
,if
,sc
,ov
,cq
,cr
,fo
,pp
,gi
,lt
,mm
,mp
,ye
,hl
,eu
,ht
,im
,yp
,po
,ua
,rf
,ez
,up
,du
,oa
,ub
,ef
,lf
,iu
,lv
,og
,nk
,rq
,uo
,eh
,eg
,gy
,pt
,xp
,fa
,fl
,lk
,kl
,fe
,ny
,nl
,nq
,fu
,gg
,pl
,vo
,of
,gr
,ky
,ys
,oe
,,rae
,uy
,ya
,yo
,mn
,hn
,we
,vr
,rk
,aw
,ly
,nu
,eb
,oq
,um
,ju
,sh
,xc
,wi
,rv
,xi
,ih
,oy
,oz
,nr
,oh
,vu
,uq
,gm
,ox
,dg
,sf
,oo
,my
,rp
,ph
,,oen
,yn
,od
,rh
,su
,sv
,tc
,nf
,yc
,sy
,ik
,nz
,bv
,lc
,sg
,zu
,gt
,yg
,nh
,yd
,ct
,yi
,bj
,dh
,xu
,pu
,,coe
,,oeu
,xy
,py
,dy
,,oel
,xt
,,aer
,,aes
,dm
,ft
,hm
,uf
,nj
,ej
,zy
,,noe
,rj
,lq
,,oec
,tw
,,aed
,xh
,,oet
,,poe
,,ter
,,lam
,,las
,,lat
,,ler
,,met
,,etr
,,tre
,,res
,,ers
,,ere
,,eth
,,thy
,,hyl
,,but
,,uta
,,tan
,,ane
,,nes
,,pro
,,rop
,,opa
,,pan
,,nag
,,age
,,ges
,,eta
,,tat
,,abs
,,acc
,,acl
,,aie
,,api
,,arn
,,asm
,,aze
,,zer
,,ert
,,ala
,,lan
,,and
,,nda
,,dai
,,ais
,,ise
,,ses
,,abb
,,evi
,,vil
,,ill
,,llo
,,loi
,,ois
,,abe
,,ber
,,erd
,,rdo
,,don
,,oni
,,nie
,,ien
,,enn
,,nne
,,ens
,,abi
,,bid
,,ana
,,nai
,,bit
,,iti
,,tib
,,ibi
,,bie
,,azi
,,zie
,,abo
,,bom
,,ome
,,mee
,,een
,,bor
,,ori
,,rig
,,ige
,,gen
,,ene
,,abr
,,bru
,,ben
,,ena
,,aqu
,,qui
,,uis
,,aca
,,cad
,,adi
,,die
,,han
,,ans
,,afr
,,fri
,,ric
,,ica
,,cai
,,ain
,,ine
,,ins
,,jac
,,cci
,,cie
,,ace
,,cee
,,ski
,,kie
,,alb
,,ban
,,ani
,,rta
,,tai
,,ale
,,lex
,,exa
,,xan
,,ndr
,,dri
,,rin
,,alg
,,ger
,,eri
,,rie
,,all
,,lle
,,lem
,,ema
,,man
,,nde
,,des
,,nds
,,alm
,,mor
,,ora
,,rav
,,avi
,,vid
,,ide
,,alp
,,pic
,,ico
,,coi
,,als
,,sac
,,aci
,,lep
,,epi
,,pin
,,amb
,,mba
,,azo
,,zon
,,nis
,,har
,,ara
,,ras
,,ami
,,mie
,,eno
,,noi
,,ame
,,mer
,,ind
,,ndi
,,anc
,,nco
,,con
,,nit
,,ita
,,dal
,,alo
,,lou
,,ous
,,use
,,ndo
,,dor
,,orr
,,rra
,,ran
,,dre
,,ret
,,ett
,,tti
,,tis
,,ang
,,nge
,,gel
,,eli
,,lin
,,vin
,,ngl
,,gla
,,lai
,,gli
,,lic
,,ich
,,che
,,hes
,,glo
,,ngo
,,gol
,,ola
,,ngu
,,gui
,,uil
,,lla
,,ann
,,nna
,,nam
,,mit
,,ite
,,tes
,,nec
,,eci
,,ant
,,nta
,,tar
,,are
,,nti
,,ibo
,,boi
,,til
,,tio
,,ioc
,,och
,,chi
,,hie
,,nve
,,ver
,,rso
,,soi
,,ost
,,sto
,,toi
,,apa
,,pam
,,men
,,rab
,,bes
,,rag
,,ago
,,gon
,,ona
,,ram
,,arc
,,rca
,,ard
,,rde
,,dec
,,ech
,,cho
,,hoi
,,arg
,,rge
,,ent
,,tin
,,arm
,,rme
,,eni
,,art
,,eco
,,cos
,,rte
,,esi
,,sie
,,asi
,,sia
,,iat
,,ati
,,tiq
,,iqu
,,que
,,ues
,,asp
,,spe
,,per
,,erg
,,ass
,,sse
,,sem
,,emb
,,mbl
,,ble
,,lee
,,nat
,,ion
,,nal
,,ees
,,les
,,ast
,,stu
,,tur
,,uri
,,ath
,,the
,,hen
,,auc
,,aus
,,ust
,,str
,,tra
,,ral
,,ali
,,lie
,,aut
,,utr
,,tri
,,auv
,,uve
,,rgn
,,gna
,,ate
,,ats
,,ave
,,ven
,,yro
,,ron
,,onn
,,vig
,,ign
,,gno
,,non
,,axo
,,xon
,,mar
,,erb
,,rba
,,bai
,,aid
,,equ
,,ies
,,ris
,,aco
,,cor
,,ore
,,ree
,,ero
,,bat
,,atr
,,fil
,,ile
,,big
,,blo
,,lob
,,obs
,,bab
,,ylo
,,lon
,,bac
,,ach
,,ire
,,irs
,,bad
,,ado
,,doi
,,ham
,,hre
,,rei
,,ein
,,ini
,,kin
,,ino
,,lit
,,bal
,,ina
,,lea
,,ear
,,nto
,,tou
,,bar
,,arb
,,rbu
,,udi
,,rto
,,ton
,,bas
,,asq
,,squ
,,err
,,rri
,,ata
,,ves
,,bav
,,ava
,,var
,,aro
,,roi
,,bea
,,eau
,,jol
,,bel
,,rbe
,,erc
,,erl
,,rli
,,rlu
,,gan
,,erm
,,rmu
,,esa
,,san
,,rou
,,out
,,uth
,,thi
,,hin
,,hou
,,bia
,,iar
,,arr
,,rro
,,rot
,,ote
,,ots
,,mac
,,irm
,,rma
,,bis
,,iso
,,son
,,ont
,,itu
,,iel
,,elo
,,lor
,,rus
,,uss
,,bla
,,lac
,,ack
,,rid
,,ida
,,hot
,,oto
,,tot
,,ssi
,,nch
,,boc
,,bol
,,oli
,,liv
,,ivi
,,vie
,,olo
,,bon
,,sam
,,ama
,,ari
,,rit
,,ons
,,ord
,,del
,,ela
,,bos
,,nia
,,bot
,,bou
,,oul
,,ulo
,,our
,,urg
,,rgu
,,uig
,,uro
,,oun
,,bre
,,est
,,eto
,,bri
,,ist
,,tol
,,nni
,,niq
,,nno
,,col
,,lom
,,omb
,,mbi
,,uge
,,geo
,,eoi
,,ell
,,sil
,,ili
,,bul
,,ulg
,,lga
,,gar
,,bur
,,rgo
,,ond
,,uru
,,run
,,rna
,,edo
,,dou
,,oui
,,uin
,,ier
,,nin
,,era
,,bic
,,ryt
,,tie
,,cam
,,cas
,,cce
,,ces
,,ced
,,ede
,,cep
,,chu
,,cif
,,clo
,,pas
,,cab
,,cac
,,hem
,,emi
,,mir
,,iri
,,adj
,,inn
,,cag
,,lia
,,air
,,iro
,,cal
,,isi
,,lif
,,ifo
,,for
,,orn
,,rni
,,mbo
,,ici
,,una
,,can
,,nad
,,nar
,,nce
,,cer
,,cap
,,app
,,ppa
,,doc
,,oci
,,apr
,,pri
,,rne
,,rdi
,,car
,,sso
,,rth
,,tha
,,hag
,,agi
,,gin
,,cat
,,tal
,,cau
,,uca
,,cel
,,lte
,,cen
,,ntr
,,raf
,,cha
,,hal
,,mbr
,,com
,,omm
,,mmu
,,mun
,,une
,,mbe
,,amp
,,mpe
,,pen
,,yen
,,hia
,,iac
,,hic
,,hil
,,chl
,,leu
,,chr
,,eti
,,cht
,,tim
,,imi
,,mis
,,hyp
,,rio
,,iot
,,cio
,,ota
,,ade
,,den
,,cle
,,rmo
,,mon
,,rds
,,omo
,,ong
,,nst
,,sta
,,nop
,,opo
,,pol
,,oua
,,uan
,,orf
,,fio
,,rre
,,rez
,,ors
,,rse
,,osa
,,cou
,,oup
,,upe
,,pes
,,cra
,,rac
,,ovi
,,cre
,,reu
,,eus
,,cri
,,cro
,,mag
,,agn
,,reo
,,eol
,,ole
,,cub
,,uba
,,efr
,,fra
,,ele
,,sti
,,tia
,,ial
,,dea
,,dee
,,ets
,,deu
,,eug
,,dif
,,dom
,,dag
,,hom
,,dam
,,mas
,,asc
,,sce
,,atu
,,ure
,,dan
,,ano
,,ppo
,,poi
,,jon
,,uti
,,omi
,,min
,,nic
,,qua
,,uai
,,ald
,,iss
,,ogn
,,ker
,,rqu
,,quo
,,ece
,,oss
,,ssa
,,sai
,,ypt
,,pti
,,uat
,,ato
,,tor
,,imo
,,mos
,,esp
,,spa
,,pag
,,nol
,,ols
,,esq
,,ima
,,mau
,,aux
,,hio
,,iop
,,opi
,,pie
,,uch
,,eur
,,ura
,,ope
,,pee
,,exo
,,oce
,,cet
,,exp
,,xpo
,,por
,,ort
,,fal
,,fle
,,alk
,,fen
,,nyl
,,ils
,,fin
,,ste
,,nla
,,fla
,,flo
,,ren
,,idi
,,orc
,,rce
,,orm
,,mul
,,ule
,,nci
,,cil
,,anq
,,nqu
,,nsa
,,sas
,,nca
,,pap
,,sou
,,ouc
,,fre
,,enc
,,egi
,,gie
,,fer
,,oie
,,gab
,,ess
,,geu
,,gai
,,ail
,,gal
,,gam
,,gas
,,sco
,,smu
,,gat
,,gau
,,aul
,,evo
,,voi
,,mai
,,opr
,,pra
,,rat
,,nee
,,iol
,,ibe
,,ibr
,,bra
,,alt
,,lta
,,gir
,,din
,,gou
,,oud
,,inv
,,nvi
,,gra
,,bin
,,gre
,,rec
,,cqu
,,nel
,,nob
,,obl
,,gro
,,enl
,,gua
,,uad
,,tem
,,mal
,,gue
,,uel
,,fes
,,uer
,,ern
,,iai
,,uya
,,yan
,,yon
,,ped
,,edi
,,eor
,,org
,,rgi
,,hap
,,dop
,,nov
,,vri
,,vra
,,rai
,,iie
,,hai
,,ait
,,hel
,,len
,,lve
,,vet
,,ete
,,her
,,hit
,,itt
,,tit
,,hol
,,oll
,,oly
,,sio
,,hon
,,ndu
,,dur
,,nga
,,ngr
,,his
,,ull
,,nnu
,,nue
,,nus
,,hur
,,heb
,,ebr
,,eux
,,one
,,ing
,,int
,,nte
,,rci
,,cit
,,inu
,,nui
,,uit
,,its
,,ira
,,raq
,,uie
,,rla
,,roq
,,oqu
,,isl
,,sla
,,isp
,,ivo
,,oir
,,obi
,,oum
,,uma
,,acq
,,dit
,,jam
,,aic
,,apo
,,pon
,,van
,,dis
,,rsi
,,rda
,,jud
,,uda
,,das
,,ude
,,ifs
,,uiv
,,ive
,,ays
,,yle
,,ash
,,kat
,,has
,,nex
,,oso
,,ova
,,ars
,,urd
,,ebe
,,bec
,,lab
,,rad
,,oti
,,att
,,tta
,,taq
,,uio
,,lau
,,aur
,,lav
,,val
,,leg
,,ego
,,gos
,,nso
,,let
,,tto
,,urs
,,exc
,,xce
,,lev
,,eva
,,lib
,,iba
,,ten
,,tei
,,lig
,,igu
,,gur
,,lim
,,imb
,,mou
,,oug
,,gea
,,aud
,,usi
,,sin
,,ith
,,tua
,,vou
,,urn
,,ieg
,,ege
,,uei
,,eil
,,ueu
,,eui
,,ian
,,ouv
,,uva
,,tee
,,lur
,,lus
,,sit
,,lut
,,ute
,,tec
,,tet
,,leo
,,eon
,,ieu
,,mpr
,,upi
,,dos
,,cca
,,bee
,,mad
,,ada
,,dem
,,emo
,,moi
,,sel
,,adr
,,ril
,,reb
,,ebi
,,hor
,,itr
,,ajo
,,orq
,,div
,,gac
,,oue
,,ito
,,oba
,,roc
,,oca
,,sei
,,rti
,,sca
,,aso
,,vai
,,aya
,,yas
,,aye
,,mec
,,rco
,,erv
,,rve
,,vei
,,mes
,,eig
,,gne
,,neu
,,pre
,,exi
,,mic
,,icr
,,mid
,,mil
,,ila
,,mme
,,mol
,,ono
,,nse
,,nsi
,,tag
,,rea
,,eal
,,neg
,,egr
,,gri
,,ega
,,orb
,,rbi
,,isq
,,osc
,,vit
,,moy
,,oye
,,tau
,,uni
,,mut
,,utu
,,tue
,,med
,,meg
,,tic
,,mel
,,eso
,,sol
,,hiq
,,sop
,,pot
,,tam
,,nip
,,omp
,,mpl
,,ple
,,etu
,,tud
,,iff
,,ffi
,,fic
,,got
,,amu
,,mur
,,nan
,,cei
,,nap
,,rbo
,,tel
,,els
,,agu
,,nig
,,ria
,,nio
,,ior
,,ipp
,,niv
,,nor
,,veg
,,nos
,,nou
,,vel
,,vag
,,ubi
,,ngs
,,tea
,,nav
,,avo
,,mmi
,,uto
,,eer
,,neo
,,epa
,,pal
,,nim
,,oma
,,rga
,,isa
,,sat
,,rle
,,ean
,,set
,,igo
,,pac
,,pet
,,tas
,,ase
,,rmi
,,yri
,,eop
,,ozo
,,oiq
,,pou
,,par
,,rau
,,ray
,,ysi
,,pat
,,pau
,,uli
,,lis
,,erp
,,rpi
,,pig
,,rsa
,,peu
,,eul
,,uls
,,phi
,,lip
,,phe
,,pil
,,iem
,,aga
,,rtu
,,fum
,,ume
,,ula
,,inc
,,uar
,,rod
,,odu
,,vas
,,rov
,,ove
,,eru
,,uvi
,,tro
,,oco
,,imp
,,rib
,,rif
,,ror
,,rpa
,,tig
,,nac
,,oda
,,rom
,,oub
,,uen
,,rut
,,rem
,,eun
,,sar
,,sic
,,cav
,,sid
,,sig
,,sim
,,sir
,,smi
,,nas
,,sag
,,git
,,hra
,,aou
,,sal
,,alv
,,lva
,,vad
,,mat
,,zin
,,tho
,,atc
,,tch
,,sav
,,voy
,,oya
,,aig
,,sch
,,enf
,,nfr
,,cyt
,,yth
,,ser
,,ych
,,sha
,,she
,,bro
,,ook
,,sib
,,leb
,,ido
,,soc
,,cin
,,iet
,,ony
,,nym
,,yme
,,ofi
,,fis
,,som
,,lio
,,tyr
,,sui
,,sum
,,sur
,,sue
,,yst
,,eme
,,uci
,,cid
,,sen
,,sot
,,hir
,,rts
,,tac
,,tir
,,toc
,,tom
,,ahi
,,amo
,,sma
,,het
,,hec
,,euv
,,tex
,,xie
,,aly
,,lys
,,eba
,,heo
,,oph
,,pha
,,bet
,,oke
,,tog
,,ogo
,,oro
,,tos
,,usa
,,ifl
,,flu
,,rip
,,ipo
,,pez
,,roy
,,tru
,,rud
,,aum
,,rum
,,mpi
,,pis
,,sor
,,tub
,,tun
,,urc
,,tyl
,,rol
,,ult
,,lti
,,ugu
,,see
,,vam
,,cis
,,oas
,,fas
,,vac
,,lui
,,nts
,,laq
,,vau
,,ucl
,,clu
,,end
,,vic
,,ice
,,hys
,,lar
,,vol
,,urt
,,rev
,,eve
,,vot
,,otr
,,nez
,,dat
,,ipe
,,dia
,,ias
,,nth
,,xio
,,ube
,,beu
,,tte
,,evr
,,vro
,,eff
,,zar
,,ppe
,,pel
,,cke
,,inh
,,hei
,,eim
,,mez
,,zig
,,ner
,,lli
,,imm
,,ncu
,,cur
,,ros
,,vis
,,zou
,,dau
,,usq
,,coo
,,oot
,,eph
,,udo
,,rfo
,,foi
,,ape
,,rar
,,gio
,,rno
,,pos
,,emp
,,mpo
,,aba
,,act
,,cte
,,miq
,,acu
,,cul
,,iez
,,der
,,dez
,,dio
,,sab
,,abl
,,seu
,,sez
,,jou
,,lez
,,nen
,,log
,,oge
,,eai
,,eas
,,gez
,,eam
,,eat
,,ogi
,,gee
,,dir
,,dim
,,ime
,,nab
,,teu
,,nem
,,icu
,,hau
,,vee
,,oin
,,ept
,,tab
,,tez
,,ttr
,,jeu
,,axi
,,yai
,,yer
,,yes
,,ayo
,,yat
,,yee
,,iio
,,iam
,,iee
,,iau
,,eda
,,ogr
,,rap
,,aph
,,dic
,,tif
,,tiv
,,diq
,,uas
,,uez
,,uon
,,uam
,,uee
,,nau
,,duc
,,uce
,,uct
,,cti
,,ctr
,,bei
,,lag
,,arp
,,rpe
,,uvr
,,rer
,,sif
,,siv
,,urv
,,rva
,,vez
,,rvi
,,vio
,,rvo
,,von
,,vat
,,mio
,,mam
,,bio
,,iog
,,ese
,,uem
,,bje
,,jec
,,ect
,,jur
,,cta
,,bso
,,olu
,,bli
,,blu
,,lua
,,lue
,,egu
,,oit
,,lir
,,ism
,,sme
,,mif
,,ffr
,,nei
,,amm
,,nir
,,hez
,,hat
,,hee
,,hab
,,rir
,,rim
,,liq
,,boy
,,yeu
,,asa
,,axa
,,xas
,,vem
,,uvo
,,isc
,,ibu
,,bus
,,cot
,,riv
,,rog
,,oga
,,eab
,,rup
,,pte
,,reg
,,gem
,,eac
,,eag
,,gis
,,gim
,,via
,,sci
,,bse
,,eis
,,lum
,,olv
,,bil
,,orp
,,udr
,,dra
,,dro
,,bst
,,enu
,,nre
,,nss
,,abu
,,ubs
,,ugi
,,onf
,,nfi
,,fia
,,gag
,,sex
,,exu
,,ilo
,,sau
,,giq
,,ifi
,,fie
,,fii
,,cia
,,caf
,,afa
,,fou
,,rch
,,riq
,,hoc
,,hop
,,pod
,,ode
,,oid
,,aps
,,sul
,,apu
,,pul
,,ulc
,,lco
,,ose
,,pho
,,hob
,,lec
,,psi
,,siq
,,lmi
,,cir
,,irc
,,nfl
,,exe
,,ntu
,,tui
,,pta
,,pto
,,ibl
,,scu
,,ogu
,,cip
,,ipi
,,pit
,,cla
,,cli
,,cco
,,lad
,,mmo
,,mod
,,odi
,,odo
,,mpa
,,gni
,,pli
,,arf
,,rfa
,,fai
,,heu
,,upl
,,pla
,,plo
,,cim
,,urr
,,rue
,,rur
,,tum
,,umi
,,umo
,,ccr
,,esc
,,rob
,,,coeu
,,,oeur
,,pir
,,pim
,,cru
,,red
,,ccu
,,cue
,,ltu
,,cum
,,mob
,,umu
,,cus
,,llu
,,lul
,,eut
,,hep
,,poc
,,hev
,,iga
,,efe
,,feu
,,opl
,,opp
,,pai
,,pio
,,hro
,,top
,,yli
,,fol
,,syl
,,cyl
,,biq
,,enz
,,hyd
,,ydr
,,ryl
,,box
,,oxy
,,xyl
,,piq
,,hlo
,,rof
,,ofo
,,upa
,,nod
,,rep
,,epe
,,anu
,,nur
,,dot
,,nuc
,,lei
,,obo
,,rul
,,dol
,,glu
,,gly
,,lyc
,,yco
,,coc
,,hos
,,osp
,,sph
,,gor
,,hip
,,ppu
,,pur
,,noc
,,iod
,,ofe
,,ocy
,,ulf
,,fur
,,ype
,,ypo
,,pop
,,dig
,,lap
,,cto
,,ctu
,,not
,,oth
,,ngi
,,oct
,,rox
,,tap
,,pec
,,pht
,,eca
,,pia
,,xam
,,osi
,,chn
,,net
,,hog
,,ogl
,,phy
,,yto
,,pun
,,urp
,,pyr
,,rtr
,,sap
,,hni
,,sub
,,rcu
,,los
,,vul
,,ulp
,,zoo
,,eos
,,ruc
,,iab
,,ife
,,idu
,,dul
,,xyd
,,cui
,,lyt
,,yte
,,mpt
,,coq
,,oty
,,cem
,,uir
,,uet
,,acr
,,deh
,,yde
,,dyn
,,mia
,,cry
,,yla
,,nif
,,rph
,,ium
,,nom
,,cop
,,iva
,,veu
,,ual
,,eif
,,cup
,,upo
,,onc
,,nct
,,unc
,,cut
,,gle
,,gul
,,cyc
,,ycl
,,ebu
,,lop
,,lot
,,toa
,,oac
,,luc
,,uco
,,lme
,,lca
,,dac
,,ios
,,apt
,,ict
,,dui
,,dep
,,ext
,,xtr
,,,aero
,,dip
,,yse
,,joi
,,oig
,,jug
,,adm
,,dmi
,,sec
,,ecr
,,obe
,,gma
,,opt
,,ubo
,,scr
,,adu
,,dua
,,dus
,,vec
,,bau
,,yna
,,nog
,,vir
,,agr
,,far
,,aff
,,ffa
,,fab
,,fac
,,fam
,,mem
,,meu
,,fan
,,ffe
,,fec
,,nsc
,,fet
,,uid
,,fir
,,fix
,,ixa
,,ixe
,,xer
,,ffl
,,fli
,,igi
,,ffo
,,him
,,fro
,,fru
,,rui
,,ffu
,,ubl
,,fus
,,fut
,,afi
,,afo
,,foc
,,fem
,,hac
,,hri
,,enr
,,ecu
,,voc
,,ums
,,agg
,,gil
,,lyp
,,nea
,,gom
,,mph
,,afe
,,fon
,,fat
,,mma
,,nul
,,loc
,,ltr
,,sis
,,ipa
,,olt
,,env
,,teo
,,tid
,,gru
,,uic
,,ahu
,,efi
,,igr
,,ref
,,rel
,,ott
,,aim
,,mps
,,ock
,,bag
,,epo
,,urb
,,sea
,,hui
,,aju
,,jus
,,efo
,,alc
,,coh
,,ool
,,oyl
,,deb
,,iph
,,maq
,,xiq
,,alf
,,lfa
,,gaz
,,giv
,,vor
,,thm
,,goi
,,lgu
,,ouf
,,eng
,,sed
,,put
,,plu
,,mus
,,iag
,,ocu
,,opu
,,iom
,,apl
,,lud
,,lma
,,loy
,,lpa
,,lpe
,,num
,,yll
,,cod
,,tip
,,isu
,,urf
,,ugl
,,alu
,,lun
,,phr
,,ary
,,lid
,,oil
,,lyg
,,aun
,,mbu
,,rlo
,,loq
,,bif
,,mop
,,amn
,,mni
,,moc
,,spl
,,oxi
,,thr
,,hib
,,edr
,,mpu
,,ipl
,,emm
,,agm
,,ysa
,,lax
,,syn
,,arq
,,mot
,,tox
,,xim
,,occ
,,ncr
,,auf
,,uff
,,sth
,,eup
,,elu
,,obt
,,sup
,,upp
,,ppl
,,sod
,,nua
,,rex
,,yge
,,nsp
,,pog
,,pom
,,pei
,,hum
,,nfo
,,onj
,,njo
,,tut
,,onv
,,lsi
,,usc
,,ryp
,,dar
,,dys
,,def
,,efl
,,ocr
,,epr
,,det
,,scl
,,ifu
,,fui
,,fed
,,spi
,,ivr
,,vre
,,utt
,,inf
,,xis
,,mig
,,imu
,,usu
,,noy
,,lym
,,ymp
,,arl
,,psy
,,syc
,,pub
,,ebo
,,rej
,,eje
,,jet
,,rhu
,,egl
,,epu
,,ssu
,,sep
,,smo
,,spo
,,sym
,,tax
,,typ
,,dil
,,teg
,,mog
,,fau
,,cev
,,coa
,,pid
,,toy
,,get
,,gme
,,eot
,,pea
,,off
,,due
,,ppr
,,reh
,,pui
,,ied
,,edu
,,xta
,,hno
,,mea
,,uqu
,,hif
,,eom
,,rdr
,,rdu
,,taf
,,yra
,,tod
,,omn
,,ncl
,,pay
,,nfa
,,viv
,,fig
,,efa
,,usp
,,req
,,ync
,,ynt
,,esu
,,eju
,,ded
,,sus
,,dev
,,aub
,,nfe
,,aug
,,rpr
,,nsu
,,ocl
,,ecl
,,deg
,,lub
,,lse
,,epl
,,suf
,,urm
,,nfu
,,beg
,,erf
,,laf
,,axe
,,fug
,,ejo
,,boo
,,inq
,,dge
,,hut
,,dod
,,kas
,,lay
,,,oeuv
,,anl
,,nli
,,dej
,,ufl
,,sip
,,vap
,,suc
,,eha
,,enj
,,rpo
,,cog
,,bib
,,nut
,,eoc
,,seq
,,irr
,,xte
,,lqu
,,voq
,,tul
,,bob
,,sho
,,pip
,,ulu
,,ouq
,,url
,,nvo
,,ucc
,,sli
,,cof
,,buc
,,beq
,,lci
,,alq
,,puc
,,ptu
,,sua
,,tup
,,rcl
,,rfe
,,cka
,,hoq
,,sob
,,nva
,,emu
,,nju
,,spu
,,xtu
,,xpe
,,nsf
,,oop
,,ilt
,,esh
,,goc
,,ufr
,,fib
,,ebl
,,efu
,,eem
,,gif
,,paq
,,pav
,,nro
,,sev
,,xci
,,shu
,,raj
,,enq
,,nra
,,exh
,,xpl
,,xpr
,,ilm
,,moq
,,nuf
,,,raes
,,inj
,,nsm
,,eap
,,nsl
,,,prae
,,eex
,,,metr
,,,etre
,,,tres
,,,eres
,,,meth
,,,ethy
,,,thyl
,,,utan
,,,tane
,,,anes
,,,prop
,,,nage
,,,ages
,,,etat
,,,alan
,,,land
,,,anda
,,,ndai
,,,dais
,,,aise
,,,ises
,,,evil
,,,vill
,,,illo
,,,lois
,,,oise
,,,rdon
,,,onie
,,,nien
,,,ienn
,,,enne
,,,nnes
,,,iens
,,,anai
,,,nais
,,,abit
,,,bien
,,,eenn
,,,abor
,,,rige
,,,igen
,,,gene
,,,enes
,,,aqui
,,,quis
,,,uise
,,,adie
,,,dien
,,,fric
,,,rica
,,,icai
,,,cain
,,,aine
,,,ines
,,,ains
,,,acci
,,,cien
,,,acee
,,,alas
,,,bana
,,,anie
,,,erta
,,,rtai
,,,tain
,,,andr
,,,ndri
,,,rine
,,,geri
,,,erie
,,,rien
,,,alle
,,,llem
,,,eman
,,,mand
,,,ande
,,,ndes
,,,mora
,,,ravi
,,,vide
,,,ides
,,,pico
,,,acie
,,,epin
,,,pine
,,,amba
,,,onis
,,,hara
,,,aras
,,,amie
,,,enoi
,,,nois
,,,amer
,,,meri
,,,eric
,,,erin
,,,indi
,,,ndie
,,,anco
,,,ncon
,,,onit
,,,itai
,,,alou
,,,lous
,,,uses
,,,ando
,,,rran
,,,rans
,,,ndre
,,,rett
,,,etti
,,,ttis
,,,ange
,,,ngel
,,,geli
,,,elin
,,,line
,,,evin
,,,vine
,,,vins
,,,angl
,,,ngla
,,,glai
,,,lais
,,,iche
,,,ches
,,,nglo
,,,ango
,,,olai
,,,angu
,,,ngui
,,,guil
,,,uill
,,,illa
,,,llan
,,,anne
,,,anna
,,,nnam
,,,nami
,,,mite
,,,ites
,,,nnec
,,,anta
,,,ntar
,,,ares
,,,anti
,,,bois
,,,ntil
,,,till
,,,llai
,,,ntio
,,,ochi
,,,chie
,,,nver
,,,vers
,,,erso
,,,tois
,,,pame
,,,amen
,,,mene
,,,arab
,,,arag
,,,agon
,,,gona
,,,onai
,,,aram
,,,rame
,,,arde
,,,dech
,,,echo
,,,choi
,,,arge
,,,rgen
,,,gent
,,,enti
,,,ntin
,,,tine
,,,tins
,,,arme
,,,rmen
,,,enie
,,,deco
,,,arte
,,,rtes
,,,esie
,,,sien
,,,iati
,,,atiq
,,,tiqu
,,,ique
,,,ques
,,,aspe
,,,sper
,,,erge
,,,rger
,,,asse
,,,ssem
,,,semb
,,,embl
,,,mble
,,,nati
,,,atio
,,,tion
,,,iona
,,,onal
,,,nale
,,,lees
,,,ales
,,,turi
,,,urie
,,,athe
,,,then
,,,aust
,,,ustr
,,,stra
,,,tral
,,,rali
,,,alie
,,,lien
,,,tric
,,,rich
,,,ichi
,,,auve
,,,uver
,,,verg
,,,gnat
,,,nate
,,,ates
,,,vent
,,,ronn
,,,onna
,,,nnai
,,,igno
,,,gnon
,,,nonn
,,,mara
,,,erba
,,,rbai
,,,eque
,,,ries
,,,eris
,,,orie
,,,core
,,,oree
,,,reen
,,,eron
,,,roni
,,,atra
,,,file
,,,iles
,,,loni
,,,bach
,,,hame
,,,rein
,,,inie
,,,nies
,,,inis
,,,inoi
,,,elit
,,,lite
,,,bali
,,,alin
,,,lina
,,,inai
,,,bale
,,,anto
,,,ntou
,,,barb
,,,badi
,,,arto
,,,rton
,,,toni
,,,asqu
,,,sque
,,,bass
,,,terr
,,,erri
,,,rrie
,,,bata
,,,avar
,,,rois
,,,erbe
,,,rber
,,,bere
,,,sant
,,,rout
,,,hine
,,,outa
,,,arro
,,,rote
,,,otes
,,,rman
,,,mane
,,,ison
,,,onti
,,,bite
,,,iter
,,,erro
,,,bitu
,,,itur
,,,russ
,,,usse
,,,sses
,,,blan
,,,lanc
,,,hoto
,,,ussi
,,,ssie
,,,anch
,,,nche
,,,oche
,,,boli
,,,vien
,,,olon
,,,amar
,,,mari
,,,arit
,,,rita
,,,bord
,,,orde
,,,dela
,,,elai
,,,aque
,,,ston
,,,boul
,,,oulo
,,,ulon
,,,lonn
,,,bour
,,,ourg
,,,uign
,,,onne
,,,nons
,,,bres
,,,rest
,,,esto
,,,reto
,,,eton
,,,tonn
,,,tons
,,,bris
,,,rist
,,,isto
,,,stol
,,,olie
,,,itan
,,,anni
,,,niqu
,,,anno
,,,colo
,,,lomb
,,,ombi
,,,geoi
,,,eois
,,,resi
,,,esil
,,,sili
,,,ilie
,,,ulga
,,,gond
,,,onde
,,,balo
,,,arna
,,,rnai
,,,edou
,,,doui
,,,ouin
,,,uine
,,,beli
,,,elie
,,,lier
,,,iers
,,,bera
,,,rabi
,,,bich
,,,tien
,,,cede
,,,cach
,,,ache
,,,chem
,,,hemi
,,,irie
,,,iris
,,,iari
,,,cala
,,,alai
,,,aisi
,,,isie
,,,cali
,,,alif
,,,ifor
,,,orni
,,,ambo
,,,rici
,,,icie
,,,came
,,,mero
,,,erou
,,,cana
,,,nari
,,,arie
,,,ance
,,,ncer
,,,cann
,,,cant
,,,nton
,,,onni
,,,nnie
,,,nier
,,,iere
,,,appa
,,,ocie
,,,rico
,,,corn
,,,orne
,,,rnes
,,,verd
,,,erdi
,,,rdie
,,,carc
,,,rcas
,,,cass
,,,asso
,,,sson
,,,sonn
,,,cart
,,,agin
,,,cata
,,,atal
,,,lane
,,,asie
,,,cent
,,,entr
,,,ntra
,,,ntre
,,,chal
,,,halo
,,,alon
,,,cham
,,,hamb
,,,ambr
,,,mbre
,,,comm
,,,ommu
,,,mmun
,,,ambe
,,,mber
,,,beri
,,,hamp
,,,ampe
,,,mpen
,,,chia
,,,chic
,,,hili
,,,chin
,,,reti
,,,etie
,,,timi
,,,imis
,,,iote
,,,aden
,,,dens
,,,cler
,,,ermo
,,,rmon
,,,mont
,,,onto
,,,omba
,,,mbar
,,,bard
,,,rdes
,,,ards
,,,omor
,,,mori
,,,cong
,,,cons
,,,onst
,,,nsta
,,,stan
,,,tant
,,,opol
,,,poli
,,,olit
,,,lita
,,,cord
,,,ordo
,,,ouan
,,,corr
,,,orre
,,,osta
,,,star
,,,tari
,,,coup
,,,oupe
,,,mond
,,,crac
,,,raco
,,,reus
,,,crie
,,,cris
,,,magn
,,,agno
,,,oles
,,,cret
,,,etoi
,,,efra
,,,fran
,,,cele
,,,eles
,,,lest
,,,esti
,,,stia
,,,tial
,,,esta
,,,amas
,,,scen
,,,dame
,,,natu
,,,atur
,,,ture
,,,pois
,,,bout
,,,outi
,,,utie
,,,domi
,,,omin
,,,mini
,,,iniq
,,,iqua
,,,quai
,,,uais
,,,oiss
,,,gnai
,,,ossa
,,,ssai
,,,sais
,,,equa
,,,quat
,,,tori
,,,pagn
,,,gnol
,,,esqu
,,,squi
,,,opie
,,,ucha
,,,char
,,,hari
,,,aris
,,,isti
,,,stie
,,,ties
,,,eura
,,,uras
,,,rasi
,,,euro
,,,urop
,,,rope
,,,expo
,,,port
,,,enta
,,,ntan
,,,ciel
,,,fini
,,,nist
,,,iste
,,,ster
,,,teri
,,,flam
,,,lama
,,,aman
,,,flan
,,,drie
,,,lore
,,,rent
,,,lori
,,,ridi
,,,idie
,,,forc
,,,orce
,,,form
,,,mule
,,,ranc
,,,fort
,,,anci
,,,cili
,,,anqu
,,,nque
,,,anca
,,,ncai
,,,cais
,,,papi
,,,apie
,,,pier
,,,ouch
,,,uche
,,,fren
,,,renc
,,,ench
,,,touc
,,,fris
,,,riso
,,,sons
,,,gien
,,,fero
,,,eroi
,,,roie
,,,abon
,,,bona
,,,aill
,,,gali
,,,lici
,,,allo
,,,gamb
,,,ambi
,,,scon
,,,conn
,,,ules
,,,gati
,,,atin
,,,evoi
,,,vois
,,,ergo
,,,germ
,,,erma
,,,rmai
,,,main
,,,rati
,,,iolo
,,,iron
,,,rond
,,,ondi
,,,dine
,,,arat
,,,atis
,,,ouss
,,,ussa
,,,sain
,,,invi
,,,gran
,,,rand
,,,cque
,,,gren
,,,rena
,,,rene
,,,nell
,,,elle
,,,lles
,,,reno
,,,enla
,,,loup
,,,guat
,,,uate
,,,mali
,,,alte
,,,guer
,,,erne
,,,iais
,,,guin
,,,inee
,,,pedi
,,,edie
,,,dies
,,,geno
,,,mbou
,,,urge
,,,rgeo
,,,vrai
,,,rais
,,,aien
,,,hait
,,,itie
,,,itis
,,,llen
,,,lene
,,,vete
,,,etes
,,,herb
,,,reta
,,,etai
,,,tais
,,,herm
,,,mais
,,,esso
,,,ssoi
,,,tite
,,,olla
,,,ondu
,,,uron
,,,rons
,,,ebre
,,,iber
,,,ndon
,,,ones
,,,ngou
,,,inte
,,,nter
,,,terc
,,,erci
,,,cite
,,,stes
,,,uite
,,,rani
,,,raqu
,,,quie
,,,roqu
,,,ispa
,,,issa
,,,ssas
,,,ital
,,,tali
,,,voir
,,,acqu
,,,amai
,,,apon
,,,avan
,,,edis
,,,ersi
,,,orda
,,,rdan
,,,udas
,,,ives
,,,hass
,,,ling
,,,gonn
,,,ecoi
,,,abra
,,,rado
,,,otie
,,,lati
,,,atta
,,,taqu
,,,quio
,,,aure
,,,uren
,,,ntie
,,,lava
,,,aval
,,,enso
,,,lett
,,,etto
,,,leur
,,,eurs
,,,esse
,,,exce
,,,cell
,,,lenc
,,,ence
,,,nces
,,,este
,,,evan
,,,vant
,,,libe
,,,tens
,,,tein
,,,igur
,,,gure
,,,ures
,,,ouge
,,,ugea
,,,aude
,,,udes
,,,mous
,,,ousi
,,,usin
,,,sine
,,,sins
,,,lith
,,,itua
,,,ourn
,,,urna
,,,aiss
,,,iege
,,,ondo
,,,long
,,,ngue
,,,ueil
,,,eill
,,,gueu
,,,euil
,,,ient
,,,ntai
,,,rrai
,,,rain
,,,ouis
,,,uisi
,,,iani
,,,ouva
,,,anis
,,,tees
,,,lusi
,,,sita
,,,tani
,,,lute
,,,embo
,,,astr
,,,stri
,,,acca
,,,edon
,,,demo
,,,mois
,,,sell
,,,adon
,,,bine
,,,orai
,,,mait
,,,aitr
,,,itre
,,,orqu
,,,rqua
,,,mala
,,,divi
,,,manc
,,,eaux
,,,ncel
,,,chou
,,,oues
,,,hous
,,,mani
,,,oris
,,,couc
,,,arma
,,,mart
,,,arti
,,,rtie
,,,tini
,,,atai
,,,auri
,,,auva
,,,uvai
,,,vais
,,,erre
,,,rres
,,,ayas
,,,merc
,,,erce
,,,edes
,,,erco
,,,erve
,,,veil
,,,ille
,,,lleu
,,,leus
,,,euse
,,,ames
,,,seig
,,,eign
,,,igne
,,,neur
,,,essi
,,,uran
,,,ropr
,,,ssin
,,,micr
,,,icro
,,,rone
,,,mmes
,,,oire
,,,ires
,,,mono
,,,mons
,,,onse
,,,nsei
,,,onsi
,,,onta
,,,ntag
,,,agna
,,,gnar
,,,nard
,,,ontr
,,,real
,,,onte
,,,nten
,,,tene
,,,egri
,,,grin
,,,mone
,,,rave
,,,ores
,,,isqu
,,,osco
,,,vite
,,,ntal
,,,taux
,,,muni
,,,nich
,,,icho
,,,tuel
,,,mega
,,,gant
,,,ntic
,,,tico
,,,mela
,,,elan
,,,esol
,,,soli
,,,hiqu
,,,pota
,,,tami
,,,comp
,,,ompl
,,,mple
,,,plet
,,,lets
,,,lete
,,,diff
,,,ffic
,,,fici
,,,nanc
,,,nant
,,,arbo
,,,rbon
,,,bonn
,,,atel
,,,cara
,,,agua
,,,iger
,,,eria
,,,rian
,,,orta
,,,ponn
,,,pons
,,,nive
,,,iver
,,,vern
,,,erna
,,,hant
,,,noir
,,,oirs
,,,norm
,,,orma
,,,osse
,,,ouve
,,,ague
,,,cout
,,,oute
,,,teau
,,,avoi
,,,egre
,,,gres
,,,pala
,,,oman
,,,ombr
,,,mbri
,,,oran
,,,orca
,,,orga
,,,rgan
,,,gani
,,,nisa
,,,isat
,,,sati
,,,trai
,,,rait
,,,aite
,,,lant
,,,ntiq
,,,gour
,,,ours
,,,ordi
,,,pass
,,,pete
,,,peta
,,,etas
,,,ases
,,,ista
,,,pale
,,,aler
,,,ermi
,,,stin
,,,reni
,,,opro
,,,prot
,,,oter
,,,tero
,,,oiqu
,,,pana
,,,name
,,,pous
,,,para
,,,arac
,,,arad
,,,adou
,,,auss
,,,pari
,,,rigo
,,,igot
,,,gote
,,,risi
,,,part
,,,thes
,,,patr
,,,atri
,,,trio
,,,ulis
,,,list
,,,perp
,,,igna
,,,gnan
,,,pers
,,,ersa
,,,erse
,,,peti
,,,etit
,,,eule
,,,phil
,,,phen
,,,nici
,,,card
,,,icon
,,,pila
,,,ilat
,,,late
,,,emon
,,,pola
,,,ball
,,,poly
,,,rcel
,,,cela
,,,agas
,,,scar
,,,ortu
,,,poui
,,,ouil
,,,umes
,,,oula
,,,ulai
,,,ince
,,,ardi
,,,prod
,,,rodu
,,,prov
,,,enca
,,,cale
,,,peri
,,,ourd
,,,urdi
,,,rdin
,,,uvie
,,,petr
,,,etro
,,,troc
,,,bero
,,,impe
,,,mper
,,,pero
,,,asti
,,,nsai
,,,roch
,,,chel
,,,roma
,,,bais
,,,roue
,,,umai
,,,andi
,,,remo
,,,nion
,,,ionn
,,,sass
,,,rial
,,,iale
,,,itta
,,,ttai
,,,tair
,,,aire
,,,guen
,,,aint
,,,ntes
,,,sard
,,,rmat
,,,mate
,,,arra
,,,rras
,,,asin
,,,rtho
,,,atch
,,,tche
,,,savo
,,,voya
,,,scan
,,,cand
,,,dina
,,,hang
,,,haie
,,,sher
,,,sing
,,,pour
,,,ouri
,,,lave
,,,ocha
,,,soci
,,,iete
,,,anon
,,,onym
,,,somm
,,,mier
,,,soud
,,,etiq
,,,stam
,,,ouli
,,,tras
,,,uiss
,,,isse
,,,umat
,,,matr
,,,trie
,,,sume
,,,umer
,,,suri
,,,urin
,,,rina
,,,inam
,,,yste
,,,stem
,,,teme
,,,tern
,,,rnat
,,,sele
,,,cide
,,,enon
,,,amou
,,,moul
,,,oule
,,,tart
,,,arta
,,,here
,,,tcha
,,,chet
,,,chen
,,,rren
,,,alys
,,,hais
,,,ebai
,,,theo
,,,opha
,,,phan
,,,ront
,,,cane
,,,usai
,,,tour
,,,oura
,,,rang
,,,ngea
,,,trif
,,,trip
,,,ripo
,,,trop
,,,uman
,,,pist
,,,reso
,,,esor
,,,unis
,,,nisi
,,,rque
,,,tyle
,,,roli
,,,hera
,,,eran
,,,ulti
,,,tima
,,,ntel
,,,sees
,,,cher
,,,uisa
,,,isan
,,,ants
,,,laqu
,,,vanc
,,,ncou
,,,couv
,,,vero
,,,dale
,,,vend
,,,ende
,,,endo
,,,vier
,,,llar
,,,lard
,,,agen
,,,cour
,,,ourt
,,,oisi
,,,sies
,,,ndeu
,,,deur
,,,race
,,,aces
,,,reve
,,,ever
,,,vere
,,,eren
,,,ostr
,,,stre
,,,veni
,,,enit
,,,niti
,,,llon
,,,lons
,,,enda
,,,ndat
,,,date
,,,phal
,,,edia
,,,nair
,,,anth
,,,aver
,,,veri
,,,ssou
,,,ffin
,,,outu
,,,tube
,,,beur
,,,ette
,,,ttes
,,,cees
,,,emen
,,,nite
,,,acha
,,,ingu
,,,apot
,,,pote
,,,ente
,,,ntem
,,,emie
,,,eger
,,,appe
,,,ppel
,,,pelo
,,,berg
,,,ller
,,,lero
,,,erme
,,,ting
,,,inge
,,,avai
,,,arai
,,,gner
,,,nera
,,,erai
,,,ilia
,,,liai
,,,illi
,,,llin
,,,llis
,,,imba
,,,mmer
,,,immi
,,,incu
,,,gari
,,,evis
,,,itte
,,,tter
,,,ters
,,,otel
,,,otiq
,,,iqui
,,,loue
,,,usqu
,,,pell
,,,ella
,,,cont
,,,orti
,,,iori
,,,ater
,,,tere
,,,post
,,,oste
,,,erio
,,,rior
,,,temp
,,,empo
,,,alen
,,,leni
,,,oniq
,,,asta
,,,stai
,,,abou
,,,boui
,,,nees
,,,acas
,,,acte
,,,cter
,,,miqu
,,,acul
,,,cule
,,,adai
,,,daie
,,,dait
,,,dant
,,,adas
,,,dass
,,,ssen
,,,sent
,,,assi
,,,siez
,,,ssio
,,,sion
,,,ions
,,,dent
,,,ader
,,,dera
,,,raie
,,,eras
,,,dere
,,,erez
,,,deri
,,,riez
,,,rion
,,,dero
,,,ades
,,,diez
,,,adio
,,,dion
,,,dons
,,,dees
,,,abai
,,,aier
,,,iera
,,,ieri
,,,iero
,,,sabl
,,,able
,,,bles
,,,saie
,,,sait
,,,ssan
,,,ante
,,,lang
,,,gues
,,,seme
,,,ment
,,,ents
,,,sser
,,,sera
,,,sere
,,,seri
,,,sero
,,,sseu
,,,seur
,,,seus
,,,ssez
,,,vous
,,,issi
,,,isso
,,,nous
,,,ssam
,,,same
,,,ssat
,,,sate
,,,ssee
,,,ajou
,,,abal
,,,bala
,,,laie
,,,lait
,,,lass
,,,lent
,,,lera
,,,lere
,,,leri
,,,liez
,,,lion
,,,nent
,,,ener
,,,nere
,,,neri
,,,nero
,,,enai
,,,naie
,,,nait
,,,enan
,,,enas
,,,nass
,,,enat
,,,niez
,,,enam
,,,alog
,,,loge
,,,ogea
,,,geai
,,,eaie
,,,eais
,,,eait
,,,gean
,,,eant
,,,geas
,,,eass
,,,ogen
,,,geon
,,,eons
,,,oger
,,,gera
,,,gere
,,,gero
,,,geam
,,,eame
,,,geat
,,,eate
,,,logi
,,,ogie
,,,giez
,,,gion
,,,gees
,,,rdir
,,,dira
,,,irai
,,,iras
,,,dire
,,,iren
,,,irez
,,,diri
,,,irio
,,,rdis
,,,diss
,,,dime
,,,imes
,,,dite
,,,alam
,,,lame
,,,aban
,,,band
,,,cola
,,,lair
,,,donn
,,,nabl
,,,nnan
,,,nnas
,,,nnat
,,,ateu
,,,teur
,,,rice
,,,ices
,,,nnem
,,,neme
,,,nnen
,,,nner
,,,sort
,,,nneu
,,,neus
,,,nnez
,,,nnio
,,,onno
,,,nnon
,,,nnee
,,,uner
,,,unie
,,,rtic
,,,ticu
,,,icul
,,,cula
,,,sour
,,,side
,,,abat
,,,chau
,,,jour
,,,cept
,,,batt
,,,tabl
,,,tage
,,,taie
,,,tait
,,,ttan
,,,atte
,,,tten
,,,tent
,,,teus
,,,atti
,,,ttie
,,,tiez
,,,tire
,,,tiss
,,,toir
,,,attr
,,,ttra
,,,ttre
,,,ttri
,,,tron
,,,time
,,,bate
,,,yant
,,,yass
,,,ayer
,,,yera
,,,ayon
,,,iaie
,,,iait
,,,iant
,,,iass
,,,iiez
,,,iion
,,,iame
,,,iate
,,,iees
,,,baro
,,,bati
,,,iaux
,,,ecou
,,,llie
,,,eder
,,,ceda
,,,edai
,,,dati
,,,ogra
,,,grap
,,,raph
,,,aphi
,,,phie
,,,hies
,,,dica
,,,icat
,,,cati
,,,atif
,,,tifs
,,,ativ
,,,tive
,,,diqu
,,,uaie
,,,uait
,,,quan
,,,uant
,,,quas
,,,uass
,,,quen
,,,uent
,,,quer
,,,uera
,,,uere
,,,ueri
,,,uero
,,,quez
,,,uiez
,,,uion
,,,quon
,,,uons
,,,quam
,,,uame
,,,quee
,,,uees
,,,omen
,,,mens
,,,mina
,,,inal
,,,inau
,,,naux
,,,cens
,,,duct
,,,cteu
,,,ucti
,,,ctif
,,,ctio
,,,ctiv
,,,ctri
,,,disa
,,,isai
,,,isas
,,,dise
,,,isen
,,,iser
,,,isez
,,,isio
,,,isam
,,,isee
,,,llag
,,,lage
,,,harp
,,,arpe
,,,rpen
,,,pent
,,,tier
,,,mere
,,,ouvr
,,,uvri
,,,rier
,,,llee
,,,abel
,,,lias
,,,erra
,,,rant
,,,rass
,,,rrer
,,,rera
,,,rere
,,,reri
,,,rero
,,,rron
,,,rate
,,,rees
,,,ssif
,,,ssiv
,,,sive
,,,vaie
,,,vait
,,,vass
,,,urve
,,,rver
,,,vera
,,,viez
,,,vion
,,,urvo
,,,vons
,,,vate
,,,rabl
,,,orri
,,,orro
,,,igea
,,,imai
,,,maie
,,,iman
,,,mant
,,,imas
,,,mass
,,,imen
,,,imer
,,,mera
,,,miez
,,,mion
,,,imon
,,,mame
,,,imat
,,,mees
,,,nese
,,,eses
,,,quem
,,,ueme
,,,biss
,,,etic
,,,icol
,,,cole
,,,etin
,,,bjec
,,,ject
,,,ecte
,,,ctes
,,,ecti
,,,urai
,,,urat
,,,rato
,,,atoi
,,,urer
,,,urio
,,,uree
,,,abla
,,,acta
,,,tati
,,,blas
,,,last
,,,blat
,,,lata
,,,atas
,,,tass
,,,aten
,,,tera
,,,atie
,,,abso
,,,solu
,,,aton
,,,tame
,,,atat
,,,tate
,,,bler
,,,blie
,,,luer
,,,luti
,,,utio
,,,lega
,,,epha
,,,egue
,,,guai
,,,guas
,,,egui
,,,guee
,,,ieme
,,,oier
,,,boit
,,,oite
,,,abol
,,,olas
,,,olen
,,,oler
,,,lies
,,,lira
,,,olis
,,,liss
,,,liti
,,,itio
,,,ioni
,,,nnis
,,,nism
,,,isme
,,,smes
,,,itiv
,,,olat
,,,olee
,,,lime
,,,iffr
,,,ffre
,,,omme
,,,neig
,,,eige
,,,blem
,,,leme
,,,inan
,,,inas
,,,inat
,,,mine
,,,inen
,,,iner
,,,inez
,,,inio
,,,mino
,,,inon
,,,bond
,,,onda
,,,amme
,,,mmen
,,,ndan
,,,ntis
,,,ssim
,,,sime
,,,ndas
,,,deme
,,,nden
,,,nder
,,,dans
,,,sens
,,,nira
,,,niss
,,,nime
,,,rdai
,,,rdas
,,,rder
,,,orna
,,,rnas
,,,rnem
,,,rner
,,,rtif
,,,abot
,,,bote
,,,bouc
,,,chai
,,,chan
,,,chas
,,,heme
,,,hent
,,,heri
,,,hero
,,,chez
,,,uchi
,,,hiez
,,,chio
,,,hion
,,,ucho
,,,chon
,,,hons
,,,chat
,,,hate
,,,chee
,,,hees
,,,habi
,,,boug
,,,rira
,,,rire
,,,gris
,,,riss
,,,grim
,,,rime
,,,rite
,,,ulan
,,,ulas
,,,ulen
,,,uler
,,,ulie
,,,liqu
,,,ulat
,,,ulee
,,,utai
,,,utas
,,,uten
,,,uter
,,,utes
,,,tira
,,,tiri
,,,tiro
,,,utis
,,,outo
,,,uton
,,,utat
,,,utee
,,,oyai
,,,oyas
,,,oyer
,,,raca
,,,cada
,,,bran
,,,bras
,,,abre
,,,rach
,,,achi
,,,hale
,,,amis
,,,rasa
,,,rase
,,,aser
,,,imet
,,,ivit
,,,vage
,,,veme
,,,abri
,,,atom
,,,tomi
,,,omiq
,,,isca
,,,scal
,,,sous
,,,riai
,,,rias
,,,ribu
,,,icot
,,,cota
,,,otai
,,,otan
,,,otas
,,,cote
,,,oten
,,,coti
,,,otio
,,,oton
,,,otat
,,,otee
,,,brin
,,,brio
,,,itas
,,,riti
,,,iton
,,,itat
,,,itee
,,,rive
,,,riat
,,,roge
,,,brou
,,,ruti
,,,rege
,,,egen
,,,reac
,,,acti
,,,agie
,,,gies
,,,agis
,,,giss
,,,gite
,,,egea
,,,regi
,,,revi
,,,ivem
,,,evie
,,,ciss
,,,cond
,,,ndis
,,,ndit
,,,onsa
,,,nser
,,,nsio
,,,onso
,,,nson
,,,senc
,,,ntas
,,,ntez
,,,ento
,,,ntam
,,,ntat
,,,ntee
,,,dial
,,,sint
,,,nthe
,,,lume
,,,umen
,,,lure
,,,olut
,,,uteu
,,,tisa
,,,tise
,,,tisi
,,,tism
,,,tist
,,,solv
,,,sorb
,,,abil
,,,bili
,,,ilit
,,,rbas
,,,ptio
,,,tivi
,,,oudr
,,,udra
,,,drai
,,,dras
,,,udre
,,,drez
,,,drio
,,,udro
,,,dron
,,,sout
,,,sten
,,,tena
,,,tenu
,,,enue
,,,rsif
,,,bsti
,,,iend
,,,endr
,,,ndra
,,,ndro
,,,inss
,,,bstr
,,,trac
,,,ract
,,,rair
,,,aira
,,,tray
,,,raya
,,,raye
,,,stru
,,,emes
,,,idas
,,,auto
,,,utor
,,,conf
,,,onfi
,,,fian
,,,ngag
,,,gage
,,,sexu
,,,usas
,,,user
,,,usio
,,,buti
,,,util
,,,sini
,,,pela
,,,giqu
,,,tard
,,,eced
,,,lian
,,,nise
,,,elis
,,,lisa
,,,lise
,,,lisi
,,,liso
,,,elon
,,,abet
,,,beti
,,,etif
,,,tifi
,,,ifia
,,,fiai
,,,fias
,,,ifie
,,,fien
,,,fier
,,,fies
,,,fiez
,,,ifii
,,,fiie
,,,fiio
,,,ifio
,,,fion
,,,fiam
,,,fiat
,,,etir
,,,etis
,,,scie
,,,cade
,,,demi
,,,mies
,,,emis
,,,misa
,,,mise
,,,arda
,,,ardo
,,,four
,,,ourc
,,,urch
,,,honn
,,,calo
,,,alor
,,,oriq
,,,riqu
,,,ocar
,,,odes
,,,oide
,,,caps
,,,carb
,,,oses
,,,cari
,,,icid
,,,aria
,,,iatr
,,,atre
,,,tret
,,,rete
,,,rolo
,,,olog
,,,ogiq
,,,roph
,,,opho
,,,phob
,,,cast
,,,stil
,,,tale
,,,lect
,,,epti
,,,athi
,,,siqu
,,,hesi
,,,cate
,,,aule
,,,cabl
,,,blai
,,,blon
,,,almi
,,,mira
,,,miss
,,,capa
,,,aran
,,,pare
,,,reme
,,,aren
,,,arer
,,,reur
,,,paro
,,,llas
,,,llez
,,,llio
,,,llam
,,,llat
,,,acce
,,,ccel
,,,eler
,,,aigu
,,,circ
,,,irco
,,,rcon
,,,onfl
,,,nfle
,,,flex
,,,grav
,,,entu
,,,tuas
,,,uell
,,,tuer
,,,epta
,,,tabi
,,,pter
,,,cess
,,,sibi
,,,ibil
,,,sibl
,,,ible
,,,soir
,,,irem
,,,risa
,,,rise
,,,tura
,,,iden
,,,ecom
,,,ompr
,,,mpre
,,,pres
,,,ress
,,,arco
,,,trav
,,,rava
,,,vail
,,,ascu
,,,scul
,,,cere
,,,rebr
,,,ebra
,,,alit
,,,tell
,,,tolo
,,,logu
,,,ogue
,,,raux
,,,cipi
,,,ipit
,,,itri
,,,trin
,,,cise
,,,clam
,,,amat
,,,mati
,,,lami
,,,clim
,,,lima
,,,mata
,,,mato
,,,acco
,,,coin
,,,oint
,,,inta
,,,tanc
,,,inti
,,,into
,,,lade
,,,ccom
,,,comb
,,,ommo
,,,mmod
,,,mode
,,,oder
,,,modi
,,,ompa
,,,gnas
,,,agne
,,,gnes
,,,mpli
,,,plie
,,,plis
,,,ccor
,,,cora
,,,oras
,,,fait
,,,viol
,,,dist
,,,orer
,,,orte
,,,orat
,,,stas
,,,osti
,,,stio
,,,stat
,,,ilis
,,,ccou
,,,ouai
,,,ouas
,,,cheu
,,,heur
,,,coud
,,,udai
,,,oude
,,,uder
,,,ouer
,,,coui
,,,oupl
,,,upla
,,,labl
,,,plai
,,,plan
,,,plas
,,,uple
,,,plem
,,,pler
,,,plat
,,,urci
,,,cira
,,,rcis
,,,oure
,,,urir
,,,ourr
,,,urra
,,,urre
,,,urri
,,,rure
,,,rume
,,,outr
,,,utra
,,,tran
,,,utre
,,,trem
,,,tren
,,,trer
,,,tram
,,,trat
,,,tree
,,,umas
,,,tume
,,,umon
,,,accr
,,,resc
,,,esce
,,,ccro
,,,croc
,,,hage
,,,,coeur
,,,ocho
,,,croi
,,,roit
,,,oitr
,,,itra
,,,itro
,,,crou
,,,roup
,,,oupi
,,,pies
,,,pira
,,,pire
,,,piri
,,,piss
,,,pite
,,,cred
,,,redi
,,,edit
,,,dita
,,,iteu
,,,diti
,,,crem
,,,ntit
,,,titi
,,,tiel
,,,iell
,,,etio
,,,accu
,,,cuei
,,,llab
,,,llir
,,,culi
,,,cult
,,,ultu
,,,ltur
,,,mobi
,,,obil
,,,umul
,,,mula
,,,latr
,,,rece
,,,erer
,,,erat
,,,rogr
,,,aphe
,,,phes
,,,rome
,,,omet
,,,eree
,,,llul
,,,acer
,,,cenc
,,,hain
,,,hala
,,,hard
,,,rism
,,,harn
,,,arne
,,,ther
,,,erap
,,,rape
,,,arni
,,,ropo
,,,emin
,,,inem
,,,etab
,,,etan
,,,hete
,,,eter
,,,poch
,,,heti
,,,etam
,,,etee
,,,chev
,,,heva
,,,evas
,,,heve
,,,impr
,,,mpri
,,,prim
,,,llet
,,,leta
,,,etal
,,,talo
,,,mill
,,,feui
,,,hile
,,,acho
,,,chol
,,,ondr
,,,opla
,,,chop
,,,ppai
,,,paie
,,,pais
,,,pait
,,,pant
,,,ppas
,,,oppe
,,,pper
,,,pera
,,,pere
,,,piez
,,,pion
,,,pate
,,,pees
,,,chro
,,,hrom
,,,omat
,,,tici
,,,icit
,,,opes
,,,omes
,,,romi
,,,omie
,,,hron
,,,eten
,,,even
,,,orme
,,,rmes
,,,acid
,,,acet
,,,sali
,,,amin
,,,ntim
,,,moni
,,,chiq
,,,biqu
,,,hydr
,,,rmin
,,,piqu
,,,chlo
,,,hlor
,,,ormi
,,,triq
,,,roto
,,,crep
,,,repe
,,,epen
,,,aniq
,,,cero
,,,erot
,,,roti
,,,noiq
,,,tria
,,,acon
,,,deso
,,,ribo
,,,nucl
,,,ucle
,,,fili
,,,alli
,,,coch
,,,ceri
,,,eriq
,,,phos
,,,hosp
,,,osph
,,,spho
,,,phor
,,,hori
,,,ntri
,,,ydra
,,,ydro
,,,rofe
,,,ferr
,,,sulf
,,,fure
,,,hype
,,,yper
,,,hypo
,,,oteu
,,,nitr
,,,treu
,,,hore
,,,idon
,,,itiq
,,,lapi
,,,acto
,,,cill
,,,actu
,,,lace
,,,eniq
,,,lign
,,,vali
,,,marg
,,,ring
,,,tole
,,,meco
,,,econ
,,,elas
,,,meli
,,,enis
,,,ispe
,,,perm
,,,meta
,,,etap
,,,pect
,,,nerv
,,,deca
,,,orth
,,,raba
,,,aral
,,,lini
,,,ecto
,,,mang
,,,pert
,,,erte
,,,tech
,,,echn
,,,neti
,,,phas
,,,pris
,,,rota
,,,rose
,,,quin
,,,eari
,,,uber
,,,rami
,,,taur
,,,lora
,,,ercu
,,,tetr
,,,etra
,,,trad
,,,rade
,,,dece
,,,ecen
,,,laid
,,,aidi
,,,ruci
,,,cidi
,,,idif
,,,difi
,,,iabl
,,,ific
,,,fica
,,,fiee
,,,ifer
,,,fere
,,,etri
,,,ophi
,,,dule
,,,cier
,,,oxyd
,,,acin
,,,cina
,,,cine
,,,ineu
,,,ircu
,,,cuit
,,,rage
,,,clas
,,,aste
,,,clin
,,,olyt
,,,cial
,,,ompt
,,,mpte
,,,coqu
,,,oqui
,,,uina
,,,cous
,,,oust
,,,usti
,,,stic
,,,stiq
,,,uerr
,,,uier
,,,ceme
,,,cera
,,,cion
,,,esca
,,,esco
,,,init
,,,uire
,,,isit
,,,siti
,,,quit
,,,ttas
,,,quet
,,,acra
,,,crat
,,,phag
,,,crim
,,,onia
,,,ieus
,,,usem
,,,ieux
,,,crit
,,,itar
,,,arch
,,,rche
,,,acro
,,,roce
,,,ocen
,,,role
,,,lein
,,,eine
,,,egal
,,,gale
,,,phon
,,,honi
,,,pole
,,,rost
,,,tich
,,,ctai
,,,ctas
,,,sanc
,,,tina
,,,morp
,,,orph
,,,nolo
,,,nome
,,,scop
,,,copi
,,,note
,,,othe
,,,rapi
,,,rect
,,,nnal
,,,nali
,,,alis
,,,lism
,,,nnel
,,,nels
,,,tiva
,,,ivai
,,,ivas
,,,ivat
,,,vati
,,,ivis
,,,ctua
,,,tual
,,,uali
,,,riel
,,,ctue
,,,umin
,,,ponc
,,,onct
,,,nctu
,,,ctur
,,,cuta
,,,ngle
,,,ngul
,,,gula
,,,gule
,,,cute
,,,noph
,,,cycl
,,,yler
,,,emet
,,,equi
,,,erac
,,,ricu
,,,abul
,,,bule
,,,uleu
,,,tome
,,,tril
,,,ophe
,,,olin
,,,apti
,,,dict
,,,icti
,,,phiq
,,,derm
,,,dess
,,,extr
,,,esin
,,,diab
,,,rese
,,,olys
,,,lyse
,,,pose
,,,posi
,,,osit
,,,site
,,,geni
,,,irer
,,,irat
,,,dive
,,,poss
,,,ival
,,,vale
,,,alem
,,,visa
,,,joig
,,,oign
,,,igni
,,,gnis
,,,join
,,,oind
,,,indr
,,,jonc
,,,ncti
,,,judi
,,,udic
,,,juge
,,,uger
,,,mett
,,,etta
,,,ettr
,,,admi
,,,istr
,,,stro
,,,secr
,,,ecre
,,,nest
,,,nomi
,,,gmat
,,,dore
,,,ossi
,,,doub
,,,douc
,,,ouci
,,,ssag
,,,sage
,,,adre
,,,dres
,,,essa
,,,elec
,,,ectr
,,,ctro
,,,ager
,,,mail
,,,droi
,,,enal
,,,ergi
,,,otro
,,,scri
,,,lumi
,,,ulte
,,,lter
,,,dust
,,,vena
,,,ntif
,,,verb
,,,rrog
,,,vert
,,,erti
,,,rtir
,,,rtis
,,,rtit
,,,dyna
,,,ynam
,,,dele
,,,elop
,,,deni
,,,deno
,,,ssoc
,,,nogr
,,,gram
,,,ramm
,,,enom
,,,opat
,,,path
,,,vira
,,,rale
,,,ctom
,,,ropi
,,,pile
,,,affa
,,,bula
,,,fact
,,,urag
,,,ffai
,,,fair
,,,mort
,,,nger
,,,fais
,,,aita
,,,meur
,,,affe
,,,ffec
,,,fect
,,,ecta
,,,ectu
,,,ueus
,,,enag
,,,ffer
,,,ferm
,,,mage
,,,rmas
,,,rmer
,,,rmis
,,,affi
,,,fich
,,,icha
,,,hett
,,,stau
,,,uide
,,,chis
,,,hist
,,,avit
,,,ffil
,,,fila
,,,ilai
,,,ilas
,,,iler
,,,fina
,,,fine
,,,firm
,,,tout
,,,xass
,,,xera
,,,affl
,,,ffle
,,,fleu
,,,eure
,,,euri
,,,lige
,,,igeo
,,,loua
,,,flue
,,,affo
,,,ffor
,,,fore
,,,ffou
,,,foui
,,,agea
,,,rcha
,,,rchi
,,,affr
,,,ffra
,,,nchi
,,,chir
,,,hira
,,,hiss
,,,chit
,,,chim
,,,ffri
,,,riol
,,,iola
,,,iole
,,,frit
,,,fron
,,,ruit
,,,uita
,,,frer
,,,erem
,,,fret
,,,affu
,,,ubla
,,,uble
,,,ubli
,,,ffus
,,,fusi
,,,ocal
,,,ican
,,,cani
,,,cano
,,,aner
,,,tris
,,,hone
,,,amet
,,,enco
,,,ncen
,,,enci
,,,ncie
,,,enou
,,,noui
,,,enre
,,,quar
,,,secu
,,,ecur
,,,oubl
,,,immo
,,,ocat
,,,ncan
,,,ncas
,,,ncat
,,,lome
,,,omer
,,,utin
,,,avas
,,,greg
,,,rega
,,,gita
,,,tato
,,,glac
,,,elio
,,,elat
,,,elee
,,,icis
,,,goni
,,,agou
,,,gout
,,,agra
,,,fant
,,,fass
,,,fera
,,,feri
,,,rafi
,,,grai
,,,aina
,,,amma
,,,mmat
,,,tica
,,,ical
,,,ndir
,,,agre
,,,agri
,,,ultr
,,,ural
,,,subs
,,,sist
,,,grif
,,,riff
,,,iffa
,,,ffas
,,,iffe
,,,ffon
,,,ippa
,,,ippe
,,,uris
,,,volt
,,,alim
,,,himi
,,,envi
,,,indu
,,,ndus
,,,rono
,,,onom
,,,gros
,,,ecol
,,,cono
,,,rris
,,,guet
,,,mpes
,,,guis
,,,anas
,,,anat
,,,stor
,,,aich
,,,idai
,,,camp
,,,mpta
,,,memo
,,,ider
,,,idat
,,,roya
,,,efin
,,,aigr
,,,igre
,,,refi
,,,rele
,,,otte
,,,igua
,,,igue
,,,arin
,,,igui
,,,leti
,,,llot
,,,isag
,,,iseu
,,,sauv
,,,broc
,,,erni
,,,trib
,,,repo
,,,epos
,,,repa
,,,epar
,,,urba
,,,rell
,,,aisa
,,,aiso
,,,seau
,,,ssel
,,,urne
,,,urni
,,,jout
,,,ajus
,,,just
,,,usta
,,,uste
,,,bast
,,,alad
,,,efor
,,,lamb
,,,dier
,,,uira
,,,lani
,,,armo
,,,trim
,,,atro
,,,gine
,,,live
,,,minu
,,,alca
,,,lcal
,,,lifi
,,,alig
,,,lose
,,,loid
,,,alco
,,,test
,,,deba
,,,ebar
,,,ntir
,,,rtas
,,,rter
,,,rode
,,,rodi
,,,levi
,,,lexi
,,,harm
,,,maqu
,,,xiqu
,,,nges
,,,gina
,,,nqui
,,,gori
,,,inea
,,,sier
,,,urgi
,,,enge
,,,alla
,,,oidi
,,,lleg
,,,egro
,,,pute
,,,cuir
,,,ncul
,,,impl
,,,ogne
,,,etou
,,,ogis
,,,gist
,,,loca
,,,mili
,,,loch
,,,chor
,,,logr
,,,onge
,,,ompe
,,,pens
,,,ensa
,,,ngen
,,,ophy
,,,ploi
,,,idis
,,,tasi
,,,loti
,,,otis
,,,rphi
,,,lote
,,,trap
,,,allu
,,,llum
,,,llus
,,,llec
,,,lech
,,,eche
,,,legu
,,,lese
,,,esen
,,,eser
,,,echa
,,,echi
,,,legi
,,,egor
,,,esai
,,,esas
,,,esam
,,,gest
,,,nach
,,,tara
,,,vari
,,,peci
,,,ouet
,,,uett
,,,page
,,,stoc
,,,estr
,,,radi
,,,nume
,,,erca
,,,term
,,,ndia
,,,iali
,,,code
,,,ltip
,,,surf
,,,face
,,,titu
,,,trui
,,,ruis
,,,erit
,,,lica
,,,unir
,,,eolo
,,,esag
,,,ouvi
,,,gnet
,,,mouc
,,,ntac
,,,riva
,,,vaud
,,,marr
,,,arre
,,,arri
,,,siss
,,,lida
,,,toil
,,,oile
,,,glob
,,,assa
,,,igra
,,,bigu
,,,ansi
,,,mbla
,,,bleu
,,,cope
,,,stom
,,,mbra
,,,brai
,,,brer
,,,bron
,,,ambu
,,,mbul
,,,mena
,,,endi
,,,nuis
,,,loqu
,,,oque
,,,eute
,,,dure
,,,inci
,,,ncis
,,,ulin
,,,etha
,,,than
,,,aute
,,,aqua
,,,diat
,,,moll
,,,olli
,,,once
,,,amor
,,,oral
,,,morc
,,,rcer
,,,orci
,,,mord
,,,cage
,,,mour
,,,libr
,,,ibre
,,,uret
,,,phia
,,,thro
,,,edre
,,,odif
,,,phis
,,,isci
,,,phot
,,,emer
,,,pleu
,,,ampo
,,,puta
,,,mure
,,,muse
,,,ueul
,,,amel
,,,hier
,,,inde
,,,ptis
,,,rous
,,,anal
,,,emma
,,,emme
,,,naly
,,,lysa
,,,yser
,,,namo
,,,rpho
,,,odis
,,,apla
,,,eros
,,,ndic
,,,arqu
,,,stal
,,,asto
,,,osai
,,,osas
,,,oser
,,,moti
,,,semi
,,,hema
,,,emat
,,,omis
,,,holo
,,,toxi
,,,roid
,,,ncho
,,,cita
,,,cran
,,,cras
,,,ncre
,,,crer
,,,drog
,,,auff
,,,desi
,,,ncep
,,,eral
,,,esis
,,,eupl
,,,eutr
,,,frac
,,,gard
,,,elot
,,,ulta
,,,ospe
,,,glan
,,,supp
,,,uppl
,,,gler
,,,cisa
,,,onor
,,,illu
,,,clav
,,,stif
,,,ride
,,,heli
,,,anim
,,,nima
,,,rsio
,,,imal
,,,soph
,,,otom
,,,gast
,,,exer
,,,exam
,,,nonc
,,,coul
,,,onci
,,,ciat
,,,onca
,,,onco
,,,nota
,,,tele
,,,elep
,,,tile
,,,lide
,,,obli
,,,thog
,,,rmal
,,,anou
,,,oxiq
,,,ygen
,,,ansp
,,,spec
,,,lice
,,,enni
,,,nthr
,,,hono
,,,raci
,,,hrop
,,,hume
,,,erif
,,,coco
,,,sech
,,,ntia
,,,roui
,,,brui
,,,goul
,,,calc
,,,capi
,,,apit
,,,pita
,,,arce
,,,cern
,,,onol
,,,icip
,,,cipa
,,,pati
,,,pato
,,,iper
,,,auta
,,,muta
,,,conc
,,,ncor
,,,onfo
,,,nfor
,,,conj
,,,nscr
,,,serv
,,,erva
,,,omma
,,,nsti
,,,stit
,,,itut
,,,tuti
,,,conv
,,,ulsi
,,,quel
,,,eluc
,,,luch
,,,corp
,,,rimi
,,,imin
,,,cryp
,,,rypt
,,,dram
,,,rama
,,,fusa
,,,decr
,,,ecro
,,,defl
,,,flag
,,,eloc
,,,ocra
,,,depe
,,,eper
,,,perd
,,,depr
,,,epre
,,,rapa
,,,deto
,,,foul
,,,ular
,,,froi
,,,fede
,,,pill
,,,tige
,,,ivre
,,,outt
,,,utte
,,,vita
,,,haus
,,,erpe
,,,rpet
,,,huma
,,,ense
,,,ensi
,,,emor
,,,infl
,,,nfla
,,,lamm
,,,tili
,,,eval
,,,imag
,,,lari
,,,xist
,,,dici
,,,migr
,,,imil
,,,imit
,,,rnis
,,,onop
,,,muti
,,,medi
,,,noya
,,,clea
,,,olym
,,,ntip
,,,pani
,,,rall
,,,asit
,,,inso
,,,parl
,,,arle
,,,elli
,,,rson
,,,phra
,,,hras
,,,phys
,,,rata
,,,tipl
,,,oiso
,,,poll
,,,ollu
,,,prog
,,,ssis
,,,tect
,,,psyc
,,,sych
,,,ycho
,,,chot
,,,publ
,,,rada
,,,rebo
,,,refl
,,,efle
,,,flet
,,,reli
,,,visi
,,,rhum
,,,roug
,,,roul
,,,regl
,,,egle
,,,glem
,,,repu
,,,retr
,,,rovi
,,,revo
,,,evol
,,,volu
,,,ssur
,,,sure
,,,isco
,,,iscr
,,,sept
,,,exis
,,,isis
,,,ocia
,,,past
,,,spir
,,,ispo
,,,spor
,,,ecis
,,,trep
,,,toco
,,,eril
,,,rili
,,,orif
,,,rifi
,,,labi
,,,titr
,,,rust
,,,teta
,,,ccin
,,,ctor
,,,verm
,,,meti
,,,epil
,,,mast
,,,ecri
,,,nteg
,,,tegr
,,,egra
,,,posa
,,,pred
,,,edic
,,,rieu
,,,grad
,,,epat
,,,apai
,,,aper
,,,perc
,,,evre
,,,cure
,,,onat
,,,pher
,,,plex
,,,pide
,,,pito
,,,plac
,,,plom
,,,copa
,,,oper
,,,poin
,,,pont
,,,pore
,,,pori
,,,apos
,,,poth
,,,sapp
,,,rapp
,,,ppar
,,,reil
,,,itor
,,,peau
,,,prie
,,,pele
,,,ntro
,,,trol
,,,pend
,,,endu
,,,audi
,,,ppli
,,,plic
,,,pliq
,,,appo
,,,ppor
,,,edif
,,,ppos
,,,appr
,,,ppre
,,,pren
,,,rend
,,,ppri
,,,priv
,,,oisa
,,,ppro
,,,proc
,,,prof
,,,fond
,,,opri
,,,prou
,,,rouv
,,,ovis
,,,prec
,,,reci
,,,nsib
,,,pret
,,,enet
,,,netr
,,,pied
,,,tete
,,,puis
,,,ampi
,,,pata
,,,prem
,,,dema
,,,emai
,,,qual
,,,nett
,,,resp
,,,espo
,,,spon
,,,nsab
,,,queu
,,,quil
,,,uili
,,,bist
,,,rabo
,,,aign
,,,saut
,,,trag
,,,rbor
,,,rbou
,,,bous
,,,uque
,,,ourb
,,,urbe
,,,hanc
,,,chap
,,,hape
,,,chif
,,,eins
,,,uppo
,,,epis
,,,egon
,,,tall
,,,dill
,,,remb
,,,embe
,,,ntur
,,,argi
,,,argo
,,,argu
,,,rgua
,,,rgue
,,,rill
,,,elic
,,,molo
,,,nade
,,,dest
,,,truc
,,,ruct
,,,ncha
,,,puls
,,,oria
,,,ueur
,,,togr
,,,arou
,,,rret
,,,enot
,,,rima
,,,tail
,,,rivi
,,,utom
,,,cuis
,,,isin
,,,gorg
,,,orge
,,,pays
,,,enfa
,,,nfan
,,,sall
,,,frai
,,,sphe
,,,olid
,,,epan
,,,figu
,,,gura
,,,efac
,,,auti
,,,defi
,,,icia
,,,rtil
,,,reau
,,,requ
,,,sacr
,,,dios
,,,cend
,,,spat
,,,sina
,,,spar
,,,rgea
,,,odel
,,,rule
,,,sail
,,,ssar
,,,sert
,,,ervi
,,,vire
,,,viss
,,,ssor
,,,sign
,,,esid
,,,simi
,,,regr
,,,oira
,,,ssol
,,,sola
,,,sole
,,,mmai
,,,mman
,,,onas
,,,oner
,,,soup
,,,souv
,,,assu
,,,sura
,,,trei
,,,eind
,,,eint
,,,labe
,,,trom
,,,toma
,,,sync
,,,ynch
,,,nchr
,,,dete
,,,synt
,,,avis
,,,mpor
,,,saur
,,,atou
,,,opin
,,,tach
,,,relo
,,,case
,,,tela
,,,tend
,,,rail
,,,ross
,,,rapo
,,,trou
,,,oupa
,,,upas
,,,uper
,,,debo
,,,depa
,,,detr
,,,esur
,,,galo
,,,harg
,,,urse
,,,leve
,,,remi
,,,rofi
,,,egar
,,,surp
,,,vola
,,,essu
,,,deva
,,,jeun
,,,auda
,,,desc
,,,escr
,,,onfe
,,,nfer
,,,auge
,,,gmen
,,,aura
,,,ompo
,,,mpos
,,,terp
,,,erpr
,,,rpre
,,,tamp
,,,mpon
,,,defe
,,,repr
,,,epri
,,,refe
,,,efer
,,,ober
,,,utoc
,,,ateg
,,,ensu
,,,nsur
,,,hauf
,,,uffa
,,,sifi
,,,coll
,,,ocom
,,,pact
,,,ompi
,,,mpil
,,,rrel
,,,rela
,,,utod
,,,iffu
,,,disc
,,,ipli
,,,decl
,,,ecla
,,,degr
,,,nomm
,,,aveu
,,,laca
,,,limi
,,,magi
,,,utop
,,,rtag
,,,pilo
,,,ilot
,,,lota
,,,topo
,,,pomp
,,,prom
,,,opul
,,,tore
,,,info
,,,eali
,,,regu
,,,egul
,,,repl
,,,epli
,,,sabo
,,,bota
,,,stim
,,,imul
,,,suff
,,,uffi
,,,refo
,,,valo
,,,mpar
,,,espe
,,,verr
,,,vest
,,,eugl
,,,ifle
,,,debi
,,,rech
,,,herc
,,,erch
,,,vise
,,,cail
,,,haud
,,,foue
,,,onve
,,,merd
,,,ourm
,,,auch
,,,sang
,,,empl
,,,mplo
,,,pech
,,,fuse
,,,mpas
,,,epai
,,,serr
,,,fess
,,,enfl
,,,cott
,,,iffl
,,,reco
,,,epon
,,,tort
,,,etar
,,,ombe
,,,elev
,,,voit
,,,lyme
,,,ymer
,,,olar
,,,deli
,,,refr
,,,efri
,,,frig
,,,bill
,,,inqu
,,,dige
,,,eonn
,,,garr
,,,vitr
,,,bail
,,,anif
,,,prep
,,,boss
,,,irig
,,,lott
,,,otta
,,,otti
,,,aloc
,,,lust
,,,bara
,,,arap
,,,,oeuvr
,,,uvre
,,,ncom
,,,banq
,,,nqua
,,,inve
,,,nves
,,,ueta
,,,uete
,,,toui
,,,goui
,,,ratt
,,,ouff
,,,uffe
,,,bell
,,,olle
,,,oufl
,,,ufle
,,,barq
,,,barr
,,,peup
,,,sill
,,,ebal
,,,squa
,,,ampa
,,,monn
,,,vole
,,,eaut
,,,infi
,,,enga
,,,acle
,,,rser
,,,esac
,,,arif
,,,carr
,,,olor
,,,idir
,,,fend
,,,enve
,,,nven
,,,flai
,,,flas
,,,fler
,,,flat
,,,oqua
,,,lout
,,,ecul
,,,bina
,,,capt
,,,mpat
,,,disp
,,,marq
,,,ecan
,,,edec
,,,deci
,,,raff
,,,evel
,,,atig
,,,otyp
,,,sequ
,,,quad
,,,uadr
,,,drat
,,,iscu
,,,scut
,,,itue
,,,sect
,,,exte
,,,stou
,,,gnif
,,,nifi
,,,tord
,,,itum
,,,turb
,,,urbi
,,,voqu
,,,emas
,,,less
,,,ogua
,,,esem
,,,nstr
,,,bobi
,,,obin
,,,ulot
,,,oita
,,,ivra
,,,marc
,,,boni
,,,kera
,,,egou
,,,clai
,,,nfin
,,,enli
,,,fiss
,,,gain
,,,ouqu
,,,ourl
,,,ngua
,,,craq
,,,ursa
,,,ursi
,,,souf
,,,uffl
,,,offi
,,,envo
,,,depo
,,,manu
,,,ncar
,,,ebou
,,,devi
,,,ndui
,,,emar
,,,redo
,,,evet
,,,veti
,,,brid
,,,mbal
,,,ronc
,,,onch
,,,dila
,,,relu
,,,brul
,,,loit
,,,frag
,,,reha
,,,hand
,,,buch
,,,inst
,,,bull
,,,rler
,,,cadr
,,,bequ
,,,ecar
,,,dega
,,,edep
,,,esig
,,,foir
,,,tapi
,,,dena
,,,drer
,,,ecal
,,,velo
,,,alci
,,,lcif
,,,cifi
,,,embr
,,,empe
,,,mpet
,,,mpie
,,,alqu
,,,xter
,,,mpai
,,,mpan
,,,mele
,,,piet
,,,nail
,,,epet
,,,paci
,,,itul
,,,capo
,,,prol
,,,ecra
,,,care
,,,encr
,,,carn
,,,rott
,,,efou
,,,rrou
,,,usel
,,,emba
,,,soul
,,,sual
,,,eifi
,,,epas
,,,hiff
,,,obst
,,,cein
,,,intr
,,,intu
,,,ejou
,,,nsor
,,,seco
,,,tupl
,,,erfe
,,,cert
,,,vele
,,,degu
,,,eleg
,,,rogn
,,,orch
,,,effa
,,,effe
,,,effi
,,,effo
,,,impa
,,,ipot
,,,isir
,,,homo
,,,pina
,,,hoqu
,,,perv
,,,houi
,,,moge
,,,onoc
,,,rema
,,,uint
,,,raud
,,,uctu
,,,ingl
,,,noch
,,,pail
,,,crir
,,,criv
,,,onvo
,,,nvol
,,,irre
,,,ecer
,,,vout
,,,cloi
,,,clou
,,,pein
,,,menc
,,,evei
,,,mach
,,,deti
,,,remp
,,,grou
,,,oinc
,,,inco
,,,inca
,,,efia
,,,efie
,,,labo
,,,perl
,,,prev
,,,poud
,,,mpla
,,,infe
,,,plum
,,,mpro
,,,resu
,,,pene
,,,eptu
,,,ebro
,,,duir
,,,duis
,,,nfec
,,,nfir
,,,grat
,,,ngra
,,,ngre
,,,jugu
,,,nect
,,,nsid
,,,nsol
,,,defa
,,,onsu
,,,extu
,,,expe
,,,ansf
,,,treb
,,,reba
,,,ebat
,,,trec
,,,reca
,,,recu
,,,refa
,,,efon
,,,repi
,,,epla
,,,epro
,,,over
,,,incr
,,,copr
,,,odui
,,,pula
,,,emus
,,,pond
,,,romp
,,,pron
,,,pref
,,,efro
,,,surs
,,,recr
,,,uvra
,,,culp
,,,crap
,,,reva
,,,dese
,,,croq
,,,raic
,,,ecel
,,,rede
,,,epit
,,,emou
,,,vrer
,,,esal
,,,esar
,,,impo
,,,scin
,,,surc
,,,flec
,,,elac
,,,popu
,,,depu
,,,desh
,,,eshe
,,,gena
,,,deve
,,,devo
,,,surv
,,,xtra
,,,fonc
,,,sacc
,,,spos
,,,ubil
,,,vulg
,,,ulgu
,,,ecap
,,,dorm
,,,etor
,,,fibr
,,,pros
,,,bauc
,,,eboi
,,,debr
,,,ebru
,,,ecli
,,,eclo
,,,ecor
,,,ecru
,,,decu
,,,dedo
,,,efil
,,,grer
,,,defo
,,,defr
,,,gazo
,,,degl
,,,dego
,,,upil
,,,reem
,,,ejug
,,,emod
,,,otiv
,,,emul
,,,mult
,,,emel
,,,eniv
,,,paqu
,,,epec
,,,depi
,,,depl
,,,eplo
,,,plor
,,,ploy
,,,epol
,,,epor
,,,epou
,,,raid
,,,ereg
,,,desa
,,,sagr
,,,esap
,,,mboi
,,,semp
,,,empa
,,,empr
,,,encl
,,,engo
,,,engr
,,,ennu
,,,senr
,,,humi
,,,enro
,,,nrou
,,,roua
,,,exci
,,,xcit
,,,sinf
,,,infa
,,,inse
,,,esob
,,,desu
,,,deta
,,,empi
,,,valu
,,,evit
,,,voil
,,,oila
,,,fari
,,,urpr
,,,embu
,,,touf
,,,occu
,,,uest
,,,uspe
,,,ndiv
,,,enfi
,,,nfil
,,,enfo
,,,nfou
,,,enfu
,,,glou
,,,enqu
,,,enra
,,,supe
,,,racc
,,,filt
,,,iltr
,,,ltra
,,,expl
,,,xplo
,,,xpos
,,,expr
,,,remu
,,,trod
,,,musc
,,,fest
,,,film
,,,moqu
,,,insu
,,,radu
,,,rimp
,,,resa
,,,erpo
,,,olyc
,,,perf
,,,anct
,,,merg
,,,petu
,,,ccup
,,,cupe
,,,surg
,,,surm
,,,ansm
,,,refu
,,,reap
,,,eapp
,,,ansl
,,,vapo
,,,prel
,,,,praes
,,,reex
,,,reim
,,,eimp
,,,reor
,,,renf
,,,ansc
,,,surb
,,,,metre
,,,,etres
,,,,methy
,,,,ethyl
,,,,landa
,,,,andai
,,,,ndais
,,,,aises
,,,,evill
,,,,oises
,,,,onien
,,,,nienn
,,,,ienne
,,,,ennes
,,,,niens
,,,,anais
,,,,naise
,,,,eenne
,,,,genes
,,,,dienn
,,,,ricai
,,,,icain
,,,,aines
,,,,cienn
,,,,anien
,,,,taine
,,,,rines
,,,,gerie
,,,,erien
,,,,rienn
,,,,riens
,,,,emand
,,,,mande
,,,,andes
,,,,noise
,,,,ameri
,,,,meric
,,,,erica
,,,,ancon
,,,,lines
,,,,angla
,,,,laise
,,,,guill
,,,,uilla
,,,,illan
,,,,antil
,,,,ntill
,,,,tilla
,,,,illai
,,,,llais
,,,,nvers
,,,,argen
,,,,rgent
,,,,ntine
,,,,tines
,,,,sienn
,,,,atiqu
,,,,tique
,,,,iques
,,,,erger
,,,,assem
,,,,ssemb
,,,,sembl
,,,,emble
,,,,natio
,,,,ation
,,,,tiona
,,,,ional
,,,,ustra
,,,,trali
,,,,alien
,,,,lienn
,,,,nates
,,,,ronna
,,,,onnai
,,,,nnais
,,,,ignon
,,,,gnonn
,,,,eries
,,,,orien
,,,,inien
,,,,inois
,,,,inais
,,,,basse
,,,,terri
,,,,roise
,,,,ontin
,,,,terro
,,,,usses
,,,,blanc
,,,,ussie
,,,,lanch
,,,,anche
,,,,borde
,,,,boulo
,,,,lonna
,,,,bourg
,,,,onnes
,,,,etonn
,,,,tonne
,,,,nique
,,,,geois
,,,,ouine
,,,,elier
,,,,tienn
,,,,cache
,,,,chemi
,,,,icien
,,,,ancer
,,,,anton
,,,,ntonn
,,,,onnie
,,,,nnier
,,,,niere
,,,,ieres
,,,,corne
,,,,asson
,,,,ssonn
,,,,sonna
,,,,centr
,,,,entra
,,,,entre
,,,,alonn
,,,,chamb
,,,,commu
,,,,ommun
,,,,ardes
,,,,const
,,,,stant
,,,,polit
,,,,corre
,,,,coupe
,,,,natur
,,,,ature
,,,,iniqu
,,,,iquai
,,,,quais
,,,,ssais
,,,,esqui
,,,,risti
,,,,europ
,,,,urope
,,,,inist
,,,,niste
,,,,ister
,,,,steri
,,,,terie
,,,,ndrie
,,,,idien
,,,,force
,,,,franc
,,,,ranci
,,,,anque
,,,,ancai
,,,,ouche
,,,,touch
,,,,rison
,,,,isonn
,,,,sonne
,,,,isons
,,,,ailla
,,,,conne
,,,,atine
,,,,ratis
,,,,oussa
,,,,ussai
,,,,grand
,,,,nelle
,,,,elles
,,,,mbour
,,,,ourge
,,,,urgeo
,,,,retai
,,,,tites
,,,,ronne
,,,,urons
,,,,uches
,,,,inter
,,,,nterc
,,,,cites
,,,,nteri
,,,,teris
,,,,riste
,,,,istes
,,,,lites
,,,,issas
,,,,itali
,,,,latin
,,,,urent
,,,,entie
,,,,leurs
,,,,esses
,,,,celle
,,,,ences
,,,,liber
,,,,ourna
,,,,ueill
,,,,euill
,,,,uillo
,,,,rient
,,,,ienta
,,,,entai
,,,,ntais
,,,,raine
,,,,embou
,,,,selle
,,,,maitr
,,,,aitre
,,,,couch
,,,,manda
,,,,eilla
,,,,terre
,,,,veill
,,,,eille
,,,,illeu
,,,,lleus
,,,,leuse
,,,,euses
,,,,dames
,,,,seign
,,,,eigne
,,,,propr
,,,,micro
,,,,oires
,,,,gnard
,,,,montr
,,,,ontre
,,,,monte
,,,,onten
,,,,vites
,,,,ental
,,,,antic
,,,,hique
,,,,compl
,,,,omple
,,,,mplet
,,,,nance
,,,,antai
,,,,arbon
,,,,ponne
,,,,hanta
,,,,norma
,,,,coute
,,,,organ
,,,,rgani
,,,,ganis
,,,,anisa
,,,,nisat
,,,,isati
,,,,satio
,,,,trait
,,,,raite
,,,,ntiqu
,,,,istan
,,,,estin
,,,,stine
,,,,prote
,,,,otero
,,,,oique
,,,,parac
,,,,risie
,,,,patri
,,,,liste
,,,,petit
,,,,phili
,,,,lates
,,,,emont
,,,,orcel
,,,,ouill
,,,,oulai
,,,,ardie
,,,,produ
,,,,ourdi
,,,,taris
,,,,beron
,,,,eronn
,,,,imper
,,,,roche
,,,,ionna
,,,,erial
,,,,taire
,,,,aires
,,,,intes
,,,,mates
,,,,arras
,,,,haien
,,,,etiqu
,,,,uisse
,,,,isses
,,,,matri
,,,,atrie
,,,,umeri
,,,,merie
,,,,ntern
,,,,terna
,,,,manie
,,,,range
,,,,angea
,,,,acher
,,,,isant
,,,,sants
,,,,laque
,,,,ouver
,,,,illar
,,,,llard
,,,,larde
,,,,court
,,,,iales
,,,,rever
,,,,erenc
,,,,rence
,,,,veron
,,,,allon
,,,,llonn
,,,,lonne
,,,,llons
,,,,tionn
,,,,naire
,,,,mouss
,,,,ettes
,,,,nites
,,,,roiss
,,,,apote
,,,,appel
,,,,iller
,,,,llero
,,,,igner
,,,,gnera
,,,,nerai
,,,,erais
,,,,illis
,,,,itter
,,,,otiqu
,,,,contr
,,,,ontra
,,,,later
,,,,atere
,,,,poste
,,,,oster
,,,,terio
,,,,riori
,,,,roniq
,,,,oniqu
,,,,inees
,,,,acter
,,,,cteri
,,,,mique
,,,,daien
,,,,aient
,,,,adass
,,,,dasse
,,,,assen
,,,,ssent
,,,,asses
,,,,dassi
,,,,assie
,,,,ssiez
,,,,assio
,,,,ssion
,,,,sions
,,,,adera
,,,,derai
,,,,eraie
,,,,raien
,,,,erait
,,,,deras
,,,,derez
,,,,derie
,,,,eriez
,,,,derio
,,,,erion
,,,,rions
,,,,deron
,,,,erons
,,,,eront
,,,,dions
,,,,dates
,,,,deren
,,,,erent
,,,,aiera
,,,,ierai
,,,,ieras
,,,,ierez
,,,,ierie
,,,,ierio
,,,,ieron
,,,,baiss
,,,,aissa
,,,,sable
,,,,ables
,,,,issai
,,,,ssaie
,,,,saien
,,,,ssait
,,,,issan
,,,,ssant
,,,,sante
,,,,antes
,,,,ssass
,,,,sasse
,,,,sassi
,,,,aisse
,,,,langu
,,,,angue
,,,,issem
,,,,sseme
,,,,semen
,,,,ement
,,,,ments
,,,,issen
,,,,isser
,,,,ssera
,,,,serai
,,,,seras
,,,,ssere
,,,,serez
,,,,sseri
,,,,serie
,,,,serio
,,,,ssero
,,,,seron
,,,,isseu
,,,,sseur
,,,,seurs
,,,,seuse
,,,,issez
,,,,issie
,,,,issio
,,,,isson
,,,,ssons
,,,,ssame
,,,,sames
,,,,ssate
,,,,sates
,,,,seren
,,,,ssees
,,,,laien
,,,,alass
,,,,lasse
,,,,lassi
,,,,alent
,,,,alera
,,,,lerai
,,,,leras
,,,,lerez
,,,,lerie
,,,,lerio
,,,,leron
,,,,lions
,,,,enera
,,,,neras
,,,,enere
,,,,nerez
,,,,nerie
,,,,nerio
,,,,neron
,,,,naien
,,,,enant
,,,,enass
,,,,nasse
,,,,nassi
,,,,tions
,,,,nions
,,,,names
,,,,neren
,,,,geaie
,,,,eaien
,,,,geais
,,,,geait
,,,,geant
,,,,geass
,,,,easse
,,,,eassi
,,,,geons
,,,,gerai
,,,,geras
,,,,gerez
,,,,gerio
,,,,geron
,,,,geame
,,,,eames
,,,,geate
,,,,eates
,,,,logie
,,,,gions
,,,,geren
,,,,urdir
,,,,dirai
,,,,iraie
,,,,irais
,,,,irait
,,,,irent
,,,,iriez
,,,,irion
,,,,irons
,,,,iront
,,,,rdiss
,,,,dissa
,,,,disse
,,,,dissi
,,,,disso
,,,,dites
,,,,lames
,,,,leren
,,,,laire
,,,,donna
,,,,nable
,,,,nnaie
,,,,nnait
,,,,onnan
,,,,nnant
,,,,onnas
,,,,nnass
,,,,onnat
,,,,nnate
,,,,ateur
,,,,teurs
,,,,atric
,,,,trice
,,,,rices
,,,,donne
,,,,nneme
,,,,nemen
,,,,onnen
,,,,nnent
,,,,onner
,,,,nnera
,,,,nnere
,,,,nneri
,,,,nnero
,,,,onneu
,,,,neuse
,,,,onnez
,,,,nniez
,,,,onnio
,,,,nnion
,,,,onnon
,,,,nnons
,,,,onnam
,,,,nname
,,,,onnee
,,,,nnees
,,,,artic
,,,,rticu
,,,,ticul
,,,,icula
,,,,culai
,,,,ulair
,,,,sourd
,,,,bassi
,,,,table
,,,,tages
,,,,taien
,,,,tante
,,,,temen
,,,,atten
,,,,ttent
,,,,teuse
,,,,tisse
,,,,tissi
,,,,attra
,,,,traie
,,,,trais
,,,,carte
,,,,attri
,,,,triez
,,,,trion
,,,,trons
,,,,tures
,,,,ayass
,,,,yasse
,,,,yassi
,,,,ayera
,,,,iaien
,,,,iasse
,,,,iassi
,,,,iions
,,,,iames
,,,,iates
,,,,ieren
,,,,ecour
,,,,illie
,,,,ceder
,,,,edera
,,,,ograp
,,,,graph
,,,,raphi
,,,,aphie
,,,,phies
,,,,icati
,,,,atifs
,,,,catio
,,,,ative
,,,,tives
,,,,quaie
,,,,uaien
,,,,quait
,,,,quant
,,,,iquas
,,,,quass
,,,,uasse
,,,,uassi
,,,,dique
,,,,quent
,,,,iquer
,,,,quera
,,,,uerai
,,,,ueras
,,,,quere
,,,,uerez
,,,,queri
,,,,uerie
,,,,uerio
,,,,quero
,,,,ueron
,,,,quiez
,,,,quion
,,,,uions
,,,,quons
,,,,quame
,,,,uames
,,,,iquat
,,,,quate
,,,,uates
,,,,ueren
,,,,quees
,,,,omina
,,,,cteur
,,,,ducti
,,,,ction
,,,,ctive
,,,,ardis
,,,,isaie
,,,,isais
,,,,isait
,,,,isass
,,,,isent
,,,,isera
,,,,isere
,,,,iseri
,,,,isero
,,,,isiez
,,,,ision
,,,,isame
,,,,isate
,,,,isees
,,,,illag
,,,,llage
,,,,lages
,,,,rpent
,,,,tiere
,,,,ouvri
,,,,riere
,,,,illes
,,,,eilli
,,,,llier
,,,,llere
,,,,illee
,,,,llees
,,,,errai
,,,,ances
,,,,rante
,,,,erras
,,,,rrass
,,,,rasse
,,,,rassi
,,,,ratio
,,,,errer
,,,,rrera
,,,,rerai
,,,,reras
,,,,rerez
,,,,rerie
,,,,rerio
,,,,reron
,,,,rames
,,,,rates
,,,,reren
,,,,vaien
,,,,vasse
,,,,vassi
,,,,verai
,,,,vions
,,,,rable
,,,,maien
,,,,imant
,,,,imass
,,,,masse
,,,,massi
,,,,iment
,,,,imera
,,,,merai
,,,,meras
,,,,merez
,,,,imeri
,,,,merio
,,,,meron
,,,,mions
,,,,mames
,,,,meren
,,,,ogene
,,,,iquem
,,,,queme
,,,,uemen
,,,,bject
,,,,jecti
,,,,ectio
,,,,urant
,,,,urass
,,,,urate
,,,,atoir
,,,,toire
,,,,urera
,,,,urere
,,,,ureri
,,,,urero
,,,,tatio
,,,,lasti
,,,,atass
,,,,tasse
,,,,tassi
,,,,blate
,,,,atera
,,,,terai
,,,,teras
,,,,terez
,,,,ateri
,,,,teron
,,,,latio
,,,,tames
,,,,tates
,,,,teren
,,,,abler
,,,,lette
,,,,lutio
,,,,ution
,,,,ionne
,,,,ionni
,,,,eguer
,,,,guera
,,,,guere
,,,,gueri
,,,,guero
,,,,guass
,,,,oiera
,,,,boite
,,,,olass
,,,,olera
,,,,olere
,,,,aboli
,,,,lirai
,,,,bolis
,,,,lissa
,,,,lisse
,,,,oliti
,,,,ition
,,,,ionis
,,,,onnis
,,,,nisme
,,,,ismes
,,,,reuse
,,,,neige
,,,,ablem
,,,,bleme
,,,,lemen
,,,,minai
,,,,inaie
,,,,inait
,,,,inant
,,,,minas
,,,,inass
,,,,minat
,,,,inati
,,,,inent
,,,,miner
,,,,inera
,,,,inere
,,,,ineri
,,,,inero
,,,,mines
,,,,iniez
,,,,inion
,,,,inons
,,,,iname
,,,,inate
,,,,abond
,,,,mment
,,,,ndant
,,,,antis
,,,,ntiss
,,,,issim
,,,,ndass
,,,,demen
,,,,onder
,,,,ndera
,,,,ndere
,,,,abonn
,,,,bonne
,,,,nissa
,,,,nisse
,,,,rdass
,,,,order
,,,,rdera
,,,,ordon
,,,,rnass
,,,,orner
,,,,rnera
,,,,bouch
,,,,oucha
,,,,uchai
,,,,chaie
,,,,chais
,,,,chait
,,,,chant
,,,,uchas
,,,,chass
,,,,hasse
,,,,hassi
,,,,chent
,,,,ucher
,,,,chera
,,,,herai
,,,,heras
,,,,chere
,,,,herez
,,,,cheri
,,,,herie
,,,,herio
,,,,chero
,,,,heron
,,,,chiez
,,,,chion
,,,,hions
,,,,uchon
,,,,chons
,,,,chame
,,,,hames
,,,,chate
,,,,hates
,,,,heren
,,,,chees
,,,,rirai
,,,,rissa
,,,,risse
,,,,risso
,,,,rites
,,,,boula
,,,,ulant
,,,,oulas
,,,,ulass
,,,,boule
,,,,ulent
,,,,ouler
,,,,ulera
,,,,ulere
,,,,uleri
,,,,ulero
,,,,lique
,,,,ulate
,,,,outai
,,,,utant
,,,,outas
,,,,utass
,,,,boute
,,,,utent
,,,,outer
,,,,utera
,,,,utere
,,,,uteri
,,,,utero
,,,,outes
,,,,tirai
,,,,tiron
,,,,tissa
,,,,outon
,,,,oyass
,,,,raser
,,,,imetr
,,,,ivite
,,,,vemen
,,,,atomi
,,,,omiqu
,,,,riass
,,,,ricot
,,,,icota
,,,,otass
,,,,icote
,,,,otent
,,,,coter
,,,,otera
,,,,otere
,,,,oteri
,,,,tiers
,,,,otion
,,,,riera
,,,,itant
,,,,itass
,,,,itera
,,,,itere
,,,,iteri
,,,,itero
,,,,rogen
,,,,actio
,,,,activ
,,,,iveme
,,,,conde
,,,,condi
,,,,ndiss
,,,,ondit
,,,,conse
,,,,consi
,,,,nsion
,,,,conso
,,,,senta
,,,,ntaie
,,,,ntait
,,,,ntant
,,,,entas
,,,,ntass
,,,,sente
,,,,enten
,,,,ntent
,,,,enter
,,,,ntera
,,,,ntere
,,,,ntero
,,,,entes
,,,,senti
,,,,ntiez
,,,,entio
,,,,ntion
,,,,enton
,,,,ntons
,,,,entam
,,,,ntame
,,,,entat
,,,,ntate
,,,,entee
,,,,ntees
,,,,ument
,,,,uteur
,,,,oluti
,,,,tisai
,,,,tisas
,,,,tiser
,,,,tises
,,,,tisme
,,,,tiste
,,,,tisat
,,,,abili
,,,,bilit
,,,,ilite
,,,,rbass
,,,,rbera
,,,,berai
,,,,ption
,,,,oudra
,,,,draie
,,,,drais
,,,,drait
,,,,oudre
,,,,driez
,,,,drion
,,,,oudro
,,,,udron
,,,,drons
,,,,dront
,,,,tenti
,,,,ersif
,,,,iendr
,,,,endra
,,,,ndrai
,,,,ndras
,,,,endre
,,,,endri
,,,,endro
,,,,ndron
,,,,tract
,,,,racte
,,,,racti
,,,,strai
,,,,autor
,,,,confi
,,,,ngage
,,,,usass
,,,,usera
,,,,usion
,,,,gique
,,,,ianis
,,,,nisai
,,,,nisas
,,,,anise
,,,,niser
,,,,nises
,,,,nisee
,,,,elisa
,,,,lisai
,,,,lisan
,,,,lisas
,,,,elise
,,,,lisen
,,,,liser
,,,,lises
,,,,lisez
,,,,lisie
,,,,lisio
,,,,lison
,,,,lisam
,,,,lisat
,,,,lisee
,,,,abeti
,,,,etifi
,,,,tifia
,,,,ifiai
,,,,fiaie
,,,,fiais
,,,,fiait
,,,,ifian
,,,,fiant
,,,,ifias
,,,,fiass
,,,,tifie
,,,,ifien
,,,,fient
,,,,ifier
,,,,fiera
,,,,fiere
,,,,fieri
,,,,fiero
,,,,ifies
,,,,ifiez
,,,,fiiez
,,,,fiion
,,,,ifion
,,,,fions
,,,,fiame
,,,,ifiat
,,,,fiate
,,,,etiss
,,,,scien
,,,,misai
,,,,misas
,,,,emise
,,,,miser
,,,,ardai
,,,,ardas
,,,,arder
,,,,fourc
,,,,ourch
,,,,chonn
,,,,honne
,,,,alori
,,,,oriqu
,,,,rique
,,,,oides
,,,,carbo
,,,,cardi
,,,,rolog
,,,,ologi
,,,,ogies
,,,,logiq
,,,,ogiqu
,,,,still
,,,,tille
,,,,lleur
,,,,lecti
,,,,sique
,,,,lante
,,,,blass
,,,,blera
,,,,missi
,,,,parai
,,,,arait
,,,,paras
,,,,arass
,,,,remen
,,,,llaie
,,,,llait
,,,,llant
,,,,illas
,,,,llass
,,,,illen
,,,,llent
,,,,llera
,,,,lleri
,,,,illez
,,,,lliez
,,,,illio
,,,,llion
,,,,illon
,,,,illam
,,,,llame
,,,,illat
,,,,llate
,,,,accel
,,,,ccele
,,,,celer
,,,,elera
,,,,circo
,,,,ircon
,,,,uelle
,,,,tuera
,,,,tabil
,,,,cepti
,,,,sibil
,,,,ibili
,,,,sible
,,,,ibles
,,,,essio
,,,,ireme
,,,,risai
,,,,risan
,,,,risas
,,,,risat
,,,,riser
,,,,rises
,,,,risio
,,,,risee
,,,,atura
,,,,turas
,,,,ident
,,,,decom
,,,,ecomp
,,,,compr
,,,,ompre
,,,,mpres
,,,,press
,,,,ressi
,,,,trava
,,,,ravai
,,,,ascul
,,,,scula
,,,,denta
,,,,ntali
,,,,alite
,,,,dente
,,,,telle
,,,,ellem
,,,,lleme
,,,,denti
,,,,tolog
,,,,ologu
,,,,logue
,,,,ogues
,,,,amass
,,,,amati
,,,,matio
,,,,clame
,,,,ament
,,,,amera
,,,,clima
,,,,limat
,,,,mater
,,,,tance
,,,,ointe
,,,,inten
,,,,coler
,,,,colon
,,,,accom
,,,,commo
,,,,moder
,,,,compa
,,,,gnass
,,,,pliss
,,,,accor
,,,,orass
,,,,ccord
,,,,corda
,,,,aille
,,,,corde
,,,,orera
,,,,stass
,,,,stera
,,,,stere
,,,,stero
,,,,stion
,,,,bilis
,,,,ilise
,,,,accou
,,,,ouass
,,,,udera
,,,,ouera
,,,,coupl
,,,,lable
,,,,plais
,,,,plant
,,,,pleme
,,,,upler
,,,,coura
,,,,courr
,,,,ourra
,,,,ourre
,,,,ourri
,,,,ussen
,,,,trass
,,,,outre
,,,,trera
,,,,trere
,,,,treri
,,,,trero
,,,,trame
,,,,trate
,,,,umass
,,,,umera
,,,,escen
,,,,scent
,,,,cente
,,,,accro
,,,,branc
,,,,ranch
,,,,croch
,,,,rocha
,,,,ochai
,,,,ochas
,,,,ocher
,,,,crois
,,,,oisso
,,,,itrai
,,,,roupi
,,,,credi
,,,,redit
,,,,edita
,,,,itati
,,,,edite
,,,,diter
,,,,ditio
,,,,creme
,,,,menti
,,,,ielle
,,,,cueil
,,,,illir
,,,,lliss
,,,,culer
,,,,cultu
,,,,ultur
,,,,turer
,,,,culat
,,,,mobil
,,,,ulati
,,,,elere
,,,,lerer
,,,,erera
,,,,erere
,,,,ereri
,,,,erero
,,,,erant
,,,,erass
,,,,erate
,,,,erati
,,,,eleri
,,,,elero
,,,,rogra
,,,,raphe
,,,,romet
,,,,ometr
,,,,chain
,,,,haine
,,,,chala
,,,,ander
,,,,risme
,,,,charn
,,,,harna
,,,,thera
,,,,herap
,,,,emine
,,,,achet
,,,,etass
,,,,chete
,,,,heter
,,,,etame
,,,,etere
,,,,cheva
,,,,cheve
,,,,mprim
,,,,prime
,,,,rimer
,,,,illet
,,,,feuil
,,,,uille
,,,,paien
,,,,ppass
,,,,passe
,,,,passi
,,,,ppera
,,,,perai
,,,,peras
,,,,perez
,,,,perie
,,,,perio
,,,,peron
,,,,pions
,,,,pates
,,,,peren
,,,,chrom
,,,,hroma
,,,,romat
,,,,omati
,,,,icite
,,,,matiq
,,,,matis
,,,,atisa
,,,,atise
,,,,tisee
,,,,omies
,,,,chron
,,,,hroni
,,,,etent
,,,,etera
,,,,eteri
,,,,etero
,,,,event
,,,,icule
,,,,iform
,,,,forme
,,,,ormes
,,,,acide
,,,,amine
,,,,chiqu
,,,,bique
,,,,brass
,,,,pique
,,,,chlor
,,,,triqu
,,,,aniqu
,,,,noiqu
,,,,conta
,,,,nucle
,,,,eriqu
,,,,phosp
,,,,hosph
,,,,ospho
,,,,sphor
,,,,entri
,,,,hydra
,,,,hydro
,,,,hyper
,,,,itiqu
,,,,lacer
,,,,eniqu
,,,,elass
,,,,ermin
,,,,ortho
,,,,paral
,,,,penta
,,,,techn
,,,,rista
,,,,tetra
,,,,idifi
,,,,difia
,,,,iable
,,,,ifica
,,,,ficat
,,,,difie
,,,,ifiee
,,,,ifere
,,,,metri
,,,,etrie
,,,,tries
,,,,ophil
,,,,phile
,,,,ineus
,,,,circu
,,,,ciere
,,,,ciera
,,,,comme
,,,,ommer
,,,,compt
,,,,ompte
,,,,quine
,,,,uiner
,,,,ousti
,,,,stiqu
,,,,uerre
,,,,cemen
,,,,cerai
,,,,ceras
,,,,ceron
,,,,casse
,,,,cassi
,,,,uisit
,,,,sitio
,,,,ttass
,,,,ttera
,,,,ttere
,,,,tteri
,,,,ttero
,,,,ieuse
,,,,eusem
,,,,useme
,,,,arche
,,,,rches
,,,,egali
,,,,rophi
,,,,ophon
,,,,teres
,,,,ntiel
,,,,ctass
,,,,guerr
,,,,ctera
,,,,morph
,,,,tinis
,,,,iolog
,,,,nolog
,,,,omorp
,,,,nomet
,,,,etriq
,,,,oscop
,,,,scopi
,,,,copie
,,,,other
,,,,rapie
,,,,onnal
,,,,nnali
,,,,nalis
,,,,alism
,,,,lisme
,,,,alist
,,,,onnel
,,,,nnell
,,,,ctiva
,,,,ivass
,,,,tiver
,,,,ivera
,,,,ctivi
,,,,tivis
,,,,ctual
,,,,tuali
,,,,ualis
,,,,alisa
,,,,alise
,,,,alisi
,,,,aliso
,,,,umine
,,,,cture
,,,,ctura
,,,,acere
,,,,cerer
,,,,rache
,,,,acera
,,,,ricul
,,,,icult
,,,,talis
,,,,tific
,,,,lamin
,,,,ictio
,,,,phiqu
,,,,rmine
,,,,rente
,,,,posit
,,,,sites
,,,,ogeni
,,,,irass
,,,,irera
,,,,ectiv
,,,,aleme
,,,,joign
,,,,oigna
,,,,ignai
,,,,oigne
,,,,ignes
,,,,ignis
,,,,gniss
,,,,oindr
,,,,indra
,,,,oncti
,,,,nctio
,,,,judic
,,,,icate
,,,,mettr
,,,,ettre
,,,,minis
,,,,istra
,,,,strat
,,,,trati
,,,,ratif
,,,,strer
,,,,stres
,,,,secre
,,,,ecret
,,,,stati
,,,,ester
,,,,estio
,,,,nomin
,,,,gmati
,,,,onisa
,,,,onise
,,,,anism
,,,,osser
,,,,ssage
,,,,ositi
,,,,dress
,,,,ressa
,,,,essai
,,,,essas
,,,,resse
,,,,rrier
,,,,elect
,,,,lectr
,,,,ectro
,,,,esser
,,,,resso
,,,,droit
,,,,rener
,,,,otrop
,,,,lumin
,,,,terer
,,,,ltera
,,,,erine
,,,,venti
,,,,entis
,,,,nterr
,,,,versa
,,,,verse
,,,,versi
,,,,verti
,,,,ertir
,,,,rtira
,,,,ertis
,,,,rtiss
,,,,viend
,,,,dynam
,,,,ynami
,,,,ssoci
,,,,nogra
,,,,ogram
,,,,gramm
,,,,ramme
,,,,aphiq
,,,,pathi
,,,,rales
,,,,ectom
,,,,tomie
,,,,factu
,,,,actur
,,,,urage
,,,,affai
,,,,faire
,,,,etran
,,,,anger
,,,,affec
,,,,ffect
,,,,ectas
,,,,ecter
,,,,fecti
,,,,ueuse
,,,,enage
,,,,affer
,,,,rmass
,,,,ferme
,,,,rment
,,,,rmera
,,,,icher
,,,,ilass
,,,,ilera
,,,,liass
,,,,liera
,,,,liere
,,,,affin
,,,,finan
,,,,itair
,,,,iquet
,,,,rmati
,,,,ntrai
,,,,fleur
,,,,leure
,,,,eurer
,,,,igeas
,,,,igeon
,,,,igera
,,,,louer
,,,,affou
,,,,fouil
,,,,uilli
,,,,ourag
,,,,ragea
,,,,ageai
,,,,ageas
,,,,rager
,,,,agera
,,,,agere
,,,,urcha
,,,,rcher
,,,,anchi
,,,,chira
,,,,chiss
,,,,affri
,,,,front
,,,,onter
,,,,uiter
,,,,reten
,,,,reter
,,,,ffere
,,,,feren
,,,,rican
,,,,canis
,,,,phone
,,,,atifi
,,,,acass
,,,,ncent
,,,,encer
,,,,ncera
,,,,nceri
,,,,doubl
,,,,ouble
,,,,obili
,,,,gente
,,,,crete
,,,,encas
,,,,ncass
,,,,nante
,,,,tinas
,,,,tiner
,,,,avant
,,,,avass
,,,,raver
,,,,avera
,,,,eller
,,,,elate
,,,,fasse
,,,,ferai
,,,,feras
,,,,raina
,,,,ramma
,,,,mmati
,,,,andis
,,,,nditi
,,,,gress
,,,,sista
,,,,stanc
,,,,griff
,,,,ffass
,,,,iffer
,,,,ffera
,,,,alime
,,,,limen
,,,,menta
,,,,chimi
,,,,indus
,,,,ndust
,,,,dustr
,,,,ustri
,,,,onome
,,,,onomi
,,,,ecolo
,,,,colog
,,,,conom
,,,,grege
,,,,mente
,,,,iente
,,,,aguer
,,,,hante
,,,,anera
,,,,idass
,,,,ompta
,,,,idera
,,,,idere
,,,,rette
,,,,marin
,,,,arine
,,,,aigui
,,,,iguil
,,,,llete
,,,,leter
,,,,llett
,,,,etter
,,,,illot
,,,,iguis
,,,,ailli
,,,,aillo
,,,,porte
,,,,antas
,,,,ntati
,,,,mante
,,,,anter
,,,,route
,,,,distr
,,,,tribu
,,,,lance
,,,,repos
,,,,repar
,,,,epart
,,,,parti
,,,,relle
,,,,aiser
,,,,aison
,,,,ssell
,,,,ourne
,,,,urner
,,,,ajout
,,,,ajust
,,,,eform
,,,,uirai
,,,,uissa
,,,,atern
,,,,terne
,,,,alcal
,,,,licit
,,,,alifi
,,,,lifia
,,,,iante
,,,,lifie
,,,,alini
,,,,linis
,,,,inisa
,,,,inise
,,,,calis
,,,,olisa
,,,,olise
,,,,debar
,,,,ntour
,,,,rtass
,,,,rtera
,,,,nquie
,,,,align
,,,,ignas
,,,,ligne
,,,,imens
,,,,liter
,,,,alleg
,,,,manis
,,,,aller
,,,,train
,,,,etour
,,,,logis
,,,,ogist
,,,,giste
,,,,allie
,,,,logra
,,,,mmuni
,,,,munis
,,,,longe
,,,,ngeas
,,,,compe
,,,,ompen
,,,,ngera
,,,,therm
,,,,orphi
,,,,leche
,,,,echer
,,,,legue
,,,,esent
,,,,echai
,,,,echan
,,,,lechi
,,,,egori
,,,,orisa
,,,,orise
,,,,esass
,,,,ouett
,,,,uette
,,,,estre
,,,,radio
,,,,etisa
,,,,etise
,,,,numer
,,,,istiq
,,,,alter
,,,,ialis
,,,,ocali
,,,,erner
,,,,terni
,,,,tonna
,,,,truis
,,,,erite
,,,,licat
,,,,uniss
,,,,magne
,,,,agnet
,,,,gneti
,,,,mouch
,,,,riner
,,,,arrai
,,,,arran
,,,,arrer
,,,,arrie
,,,,sisse
,,,,toile
,,,,assai
,,,,assas
,,,,asser
,,,,euris
,,,,atiss
,,,,ancie
,,,,ancas
,,,,bigui
,,,,trans
,,,,ransi
,,,,mbler
,,,,scope
,,,,mbras
,,,,mbrer
,,,,brera
,,,,ambul
,,,,ncier
,,,,amena
,,,,menag
,,,,endan
,,,,mener
,,,,salis
,,,,meris
,,,,eriss
,,,,loque
,,,,icali
,,,,ethan
,,,,plast
,,,,aquer
,,,,orali
,,,,ralis
,,,,rcera
,,,,amour
,,,,moura
,,,,achas
,,,,conti
,,,,emeri
,,,,pleur
,,,,gueul
,,,,ueule
,,,,troph
,,,,atini
,,,,ronis
,,,,astiq
,,,,analy
,,,,alyse
,,,,lyser
,,,,archi
,,,,ndica
,,,,dical
,,,,arque
,,,,osass
,,,,osera
,,,,astro
,,,,strop
,,,,hemat
,,,,emati
,,,,tomis
,,,,omisa
,,,,omise
,,,,holog
,,,,cille
,,,,crass
,,,,douil
,,,,droge
,,,,gener
,,,,neral
,,,,local
,,,,siere
,,,,esist
,,,,siste
,,,,fract
,,,,arier
,,,,perme
,,,,suppl
,,,,rsion
,,,,imali
,,,,malis
,,,,gastr
,,,,ivers
,,,,oncen
,,,,oncer
,,,,telep
,,,,ormal
,,,,oxiqu
,,,,spect
,,,,anthr
,,,,nthro
,,,,throp
,,,,netis
,,,,hemis
,,,,ntifi
,,,,balis
,,,,broui
,,,,rouil
,,,,agoul
,,,,capit
,,,,apita
,,,,pital
,,,,carce
,,,,arcer
,,,,liner
,,,,oloni
,,,,lonis
,,,,ativi
,,,,conce
,,,,confo
,,,,onfor
,,,,nform
,,,,nscri
,,,,serva
,,,,onsti
,,,,nstit
,,,,stitu
,,,,titut
,,,,ituti
,,,,tutio
,,,,conte
,,,,testa
,,,,crimi
,,,,rimin
,,,,inali
,,,,crypt
,,,,decro
,,,,ocrat
,,,,crati
,,,,depre
,,,,epres
,,,,econd
,,,,feder
,,,,erali
,,,,pilla
,,,,rmina
,,,,goutt
,,,,iguer
,,,,hauss
,,,,ausse
,,,,erpet
,,,,ydrog
,,,,ibera
,,,,aconn
,,,,milit
,,,,ilita
,,,,itari
,,,,ernis
,,,,monop
,,,,ousse
,,,,media
,,,,onali
,,,,uclea
,,,,antip
,,,,arasi
,,,,rasit
,,,,parle
,,,,perso
,,,,erson
,,,,rsonn
,,,,phras
,,,,rater
,,,,oison
,,,,posta
,,,,pouss
,,,,oussi
,,,,ssier
,,,,progr
,,,,proto
,,,,psych
,,,,sycho
,,,,publi
,,,,tiqua
,,,,antir
,,,,raiso
,,,,refle
,,,,revis
,,,,visio
,,,,sionn
,,,,roque
,,,,oquet
,,,,quett
,,,,rouge
,,,,regle
,,,,eglem
,,,,gleme
,,,,retro
,,,,revol
,,,,ssure
,,,,exist
,,,,socia
,,,,ocial
,,,,ciali
,,,,speci
,,,,orifi
,,,,etris
,,,,trisa
,,,,trise
,,,,toxiq
,,,,ector
,,,,ctori
,,,,ntrac
,,,,econs
,,,,emmen
,,,,ntegr
,,,,posas
,,,,poser
,,,,predi
,,,,edica
,,,,lingu
,,,,ectri
,,,,perce
,,,,percu
,,,,place
,,,,astre
,,,,opera
,,,,point
,,,,litis
,,,,itise
,,,,otomi
,,,,apost
,,,,pothe
,,,,appar
,,,,raiss
,,,,raitr
,,,,aitra
,,,,photo
,,,,reill
,,,,renta
,,,,ellas
,,,,ontro
,,,,pelle
,,,,rappe
,,,,pendi
,,,,endis
,,,,apper
,,,,pliqu
,,,,liqua
,,,,pport
,,,,porta
,,,,ortas
,,,,orter
,,,,oulin
,,,,appre
,,,,prend
,,,,rendr
,,,,prise
,,,,oiser
,,,,appro
,,,,proch
,,,,pprop
,,,,ropri
,,,,prouv
,,,,rouva
,,,,rouve
,,,,provi
,,,,rovis
,,,,preci
,,,,ensib
,,,,ensio
,,,,prete
,,,,enetr
,,,,peter
,,,,tente
,,,,tress
,,,,ellis
,,,,arabi
,,,,aigne
,,,,arbou
,,,,ourbe
,,,,archa
,,,,chang
,,,,hange
,,,,chanc
,,,,chape
,,,,suppo
,,,,trave
,,,,rille
,,,,arisa
,,,,arise
,,,,loche
,,,,molog
,,,,maill
,,,,struc
,,,,truct
,,,,ancha
,,,,orial
,,,,class
,,,,roman
,,,,togra
,,,,arqua
,,,,rquer
,,,,arret
,,,,taill
,,,,autom
,,,,garde
,,,,gorge
,,,,saiso
,,,,figur
,,,,rtifi
,,,,rtill
,,,,arter
,,,,requi
,,,,sacra
,,,,scend
,,,,siner
,,,,ergea
,,,,rgeas
,,,,rgera
,,,,persi
,,,,spira
,,,,ssail
,,,,saill
,,,,avoir
,,,,embla
,,,,servi
,,,,visse
,,,,signa
,,,,resid
,,,,signe
,,,,ssimi
,,,,simil
,,,,omman
,,,,ommen
,,,,mmera
,,,,assor
,,,,ssort
,,,,sorti
,,,,assou
,,,,souvi
,,,,assur
,,,,inanc
,,,,aster
,,,,eigna
,,,,eigni
,,,,reind
,,,,eindr
,,,,reins
,,,,reint
,,,,einte
,,,,ingen
,,,,tomat
,,,,empor
,,,,tourn
,,,,phier
,,,,hiera
,,,,tache
,,,,tendi
,,,,tendr
,,,,atter
,,,,terra
,,,,gross
,,,,rosse
,,,,ouper
,,,,upera
,,,,roule
,,,,depar
,,,,ombre
,,,,charg
,,,,harge
,,,,regar
,,,,egard
,,,,aquet
,,,,essou
,,,,toria
,,,,confe
,,,,equen
,,,,gment
,,,,rifia
,,,,rifie
,,,,compo
,,,,ompos
,,,,nterp
,,,,terpr
,,,,erpre
,,,,rpret
,,,,repre
,,,,epren
,,,,repri
,,,,epris
,,,,refer
,,,,efere
,,,,autoc
,,,,chauf
,,,,hauff
,,,,ssifi
,,,,sifie
,,,,colla
,,,,riger
,,,,relat
,,,,autod
,,,,diffu
,,,,iffus
,,,,decla
,,,,degra
,,,,deter
,,,,eterm
,,,,termi
,,,,forma
,,,,ormat
,,,,gesti
,,,,aphia
,,,,gerer
,,,,stifi
,,,,latre
,,,,raill
,,,,ilisa
,,,,utili
,,,,autop
,,,,parta
,,,,loter
,,,,placa
,,,,adios
,,,,toris
,,,,infor
,,,,reali
,,,,regul
,,,,epara
,,,,manch
,,,,comma
,,,,mmand
,,,,depen
,,,,trous
,,,,rouss
,,,,valis
,,,,propo
,,,,ompar
,,,,mpara
,,,,vesti
,,,,citer
,,,,nette
,,,,passa
,,,,viser
,,,,caill
,,,,chaud
,,,,conna
,,,,conve
,,,,onver
,,,,auche
,,,,quill
,,,,peche
,,,,chaus
,,,,mange
,,,,recou
,,,,desce
,,,,eleve
,,,,polym
,,,,olyme
,,,,lymer
,,,,erifi
,,,,erisa
,,,,erise
,,,,model
,,,,abill
,,,,billa
,,,,bille
,,,,ussas
,,,,auder
,,,,geonn
,,,,baill
,,,,eress
,,,,balla
,,,,balle
,,,,ballo
,,,,dirig
,,,,irige
,,,,lotta
,,,,lotte
,,,,otter
,,,,aloch
,,,,locha
,,,,ringu
,,,,ingue
,,,,lustr
,,,,lanta
,,,,nchai
,,,,nchas
,,,,ncher
,,,,ransp
,,,,anner
,,,,banqu
,,,,inves
,,,,nvest
,,,,nquer
,,,,queta
,,,,quete
,,,,ueter
,,,,raque
,,,,uffer
,,,,belle
,,,,barbo
,,,,bouil
,,,,barqu
,,,,barra
,,,,peupl
,,,,sille
,,,,stern
,,,,retra
,,,,ouiss
,,,,erser
,,,,essem
,,,,tiali
,,,,arifi
,,,,honna
,,,,color
,,,,urali
,,,,dimen
,,,,mensi
,,,,ntend
,,,,flera
,,,,earis
,,,,oquas
,,,,oquer
,,,,talli
,,,,allis
,,,,ntras
,,,,ntrer
,,,,dispo
,,,,diver
,,,,marqu
,,,,seque
,,,,polar
,,,,olari
,,,,laris
,,,,quadr
,,,,prese
,,,,resen
,,,,auter
,,,,touil
,,,,ignif
,,,,gnifi
,,,,bitum
,,,,iture
,,,,essur
,,,,oguer
,,,,onstr
,,,,bobin
,,,,oiter
,,,,pille
,,,,march
,,,,nifia
,,,,nifie
,,,,egout
,,,,lever
,,,,evers
,,,,bourb
,,,,ourba
,,,,rdonn
,,,,ingua
,,,,nguer
,,,,bourr
,,,,craqu
,,,,bours
,,,,souff
,,,,ouffl
,,,,uffle
,,,,utonn
,,,,nconn
,,,,racon
,,,,debou
,,,,ebour
,,,,rassa
,,,,rilla
,,,,usque
,,,,llisa
,,,,atonn
,,,,equer
,,,,equil
,,,,demon
,,,,insta
,,,,lassa
,,,,clair
,,,,calci
,,,,lcifi
,,,,cifie
,,,,ciner
,,,,diffe
,,,,integ
,,,,tempe
,,,,exter
,,,,mpass
,,,,mpera
,,,,naill
,,,,defer
,,,,ainer
,,,,poter
,,,,saisi
,,,,embar
,,,,carto
,,,,suali
,,,,chiff
,,,,intro
,,,,ainas
,,,,aussa
,,,,usser
,,,,orche
,,,,inqui
,,,,ydrat
,,,,loris
,,,,ormer
,,,,isiss
,,,,sifia
,,,,etrer
,,,,heris
,,,,ructu
,,,,uctur
,,,,paill
,,,,conci
,,,,scriv
,,,,crivi
,,,,convo
,,,,onvol
,,,,nvolu
,,,,cular
,,,,ulari
,,,,desti
,,,,enche
,,,,prima
,,,,condu
,,,,ondui
,,,,estim
,,,,decou
,,,,ecouv
,,,,couvr
,,,,rempl
,,,,group
,,,,habit
,,,,incon
,,,,colle
,,,,ollec
,,,,llect
,,,,ivise
,,,,ollet
,,,,quint
,,,,repet
,,,,abitu
,,,,poudr
,,,,memor
,,,,ctifi
,,,,enser
,,,,mport
,,,,nsibi
,,,,rebou
,,,,penet
,,,,ebrai
,,,,duisi
,,,,uisis
,,,,nfect
,,,,grati
,,,,ferer
,,,,derer
,,,,conge
,,,,naitr
,,,,onnec
,,,,nnect
,,,,erver
,,,,onsid
,,,,nside
,,,,sider
,,,,solid
,,,,titue
,,,,ituer
,,,,nstru
,,,,strui
,,,,platr
,,,,urisa
,,,,urise
,,,,ransf
,,,,ebatt
,,,,ntrec
,,,,recha
,,,,redis
,,,,refor
,,,,repro
,,,,esens
,,,,esign
,,,,ntret
,,,,reven
,,,,trouv
,,,,quali
,,,,nvent
,,,,perer
,,,,ymeri
,,,,rodui
,,,,oduis
,,,,opula
,,,,rthog
,,,,recre
,,,,crach
,,,,stall
,,,,llise
,,,,croqu
,,,,fraic
,,,,raich
,,,,crepi
,,,,reper
,,,,desse
,,,,emous
,,,,desin
,,,,impor
,,,,ebout
,,,,flech
,,,,deman
,,,,popul
,,,,deshe
,,,,esper
,,,,dessa
,,,,dever
,,,,extra
,,,,gonal
,,,,fonct
,,,,disco
,,,,discr
,,,,discu
,,,,ualif
,,,,sensi
,,,,torti
,,,,terpe
,,,,divis
,,,,decap
,,,,ebarr
,,,,bauch
,,,,debra
,,,,debro
,,,,ebrou
,,,,decal
,,,,ecapi
,,,,decar
,,,,ecarb
,,,,decha
,,,,echap
,,,,echar
,,,,echau
,,,,dechi
,,,,echir
,,,,encha
,,,,decol
,,,,ecoll
,,,,ombra
,,,,ecomm
,,,,decon
,,,,econc
,,,,econf
,,,,econn
,,,,econt
,,,,decor
,,,,ecoup
,,,,decre
,,,,ecroi
,,,,ecred
,,,,initi
,,,,profe
,,,,defou
,,,,defra
,,,,egorg
,,,,degou
,,,,oupil
,,,,upill
,,,,degro
,,,,nerer
,,,,iaris
,,,,deleg
,,,,elegu
,,,,demar
,,,,riali
,,,,embra
,,,,motiv
,,,,multi
,,,,ultip
,,,,ltipl
,,,,musel
,,,,denat
,,,,itrif
,,,,trifi
,,,,epass
,,,,depec
,,,,depla
,,,,depol
,,,,pular
,,,,eport
,,,,depos
,,,,depou
,,,,epous
,,,,ressu
,,,,depri
,,,,rembo
,,,,derou
,,,,dereg
,,,,eregl
,,,,desac
,,,,esacc
,,,,desag
,,,,esagr
,,,,desal
,,,,desam
,,,,desap
,,,,esapp
,,,,desar
,,,,desem
,,,,esemb
,,,,mball
,,,,sembo
,,,,emboi
,,,,esemp
,,,,empes
,,,,desen
,,,,engag
,,,,esenr
,,,,enrou
,,,,excit
,,,,habil
,,,,incar
,,,,ncarc
,,,,ncarn
,,,,esinf
,,,,desob
,,,,selec
,,,,etend
,,,,detor
,,,,ortil
,,,,emper
,,,,tromp
,,,,deval
,,,,evalu
,,,,rilis
,,,,enamo
,,,,namou
,,,,encar
,,,,nchau
,,,,ndivi
,,,,enfou
,,,,super
,,,,racco
,,,,recro
,,,,redec
,,,,filtr
,,,,explo
,,,,expos
,,,,impre
,,,,recom
,,,,recon
,,,,tilis
,,,,polyc
,,,,merge
,,,,occup
,,,,insti
,,,,instr
,,,,ransm
,,,,relev
,,,,prost
,,,,reapp
,,,,eappr
,,,,recri
,,,,eveil
,,,,monoc
,,,,sacca
,,,,parap
,,,,preco
,,,,recol
,,,,prede
,,,,edeco
,,,,reimp
,,,,redep
,,,,rembl
,,,,ransc
,,,,ransl
